CustomerID,Age,AnnualIncome,TotalPurchases,SatisfactionRating,LastPurchaseAmount,MembershipDuration,PreferredProductCategory,ReturnedItemsLastYear
1,62.0,46768.70667640028,30,1,106.4111065790866,9,Clothing,3
2,65.0,57211.41714733404,25,10,120.774766107971,4,Clothing,5
3,18.0,75577.80079496015,17,7,386.34511894555834,6,Electronics,3
4,21.0,31396.11801686793,17,6,188.3222649821207,6,Clothing,1
5,21.0,47542.79112327186,15,7,275.1507442836414,5,Groceries,3
6,57.0,64243.413913086886,17,10,253.27616460039488,4,Clothing,4
7,,52294.6095054819,17,7,31.319221943252423,9,Groceries,3
8,37.0,60671.021425583735,12,6,751.8571732222798,9,Clothing,5
9,39.0,79287.89844543896,24,9,244.97676636334046,1,Clothing,1
10,68.0,28466.58457026662,29,2,173.55976347283,5,Clothing,3
11,54.0,70268.09309967447,16,8,9.245771213687302,3,Groceries,1
12,41.0,31219.659350958864,18,7,500.4053296595167,6,Clothing,3
13,24.0,65806.27584776084,23,4,126.80848525923318,3,Electronics,3
14,42.0,57483.053804307274,24,7,484.2565675620834,6,Clothing,5
15,42.0,43023.43077739906,22,5,,2,Electronics,3
16,30.0,48533.08138679638,21,7,172.2208801004815,9,Electronics,3
17,19.0,49490.031208397886,22,7,,9,Electronics,4
18,56.0,54765.91785370969,20,8,123.54521782389097,4,Clothing,1
19,57.0,52719.06891611361,17,1,39.575928484915856,7,Clothing,25
20,41.0,56916.723005205415,32,4,110.69962749011326,3,Groceries,4
21,64.0,56768.24859407996,27,3,96.13256880686365,6,Groceries,5
22,42.0,76056.22586671272,20,4,262.5069951479591,9,Electronics,4
23,35.0,44154.89076068459,15,8,367.435434787213,3,Electronics,7
24,55.0,46814.525807367245,14,4,2.2793923301610266,6,Clothing,1
25,43.0,43814.03388378716,25,4,136.56616911765528,1,Electronics,5
26,31.0,40625.64917348299,18,4,62.19479070795786,8,Groceries,2
27,26.0,47267.48582160429,20,8,35.92887425372994,1,Electronics,5
28,27.0,53162.88284583195,25,4,219.14668784972585,9,Electronics,4
29,38.0,22216.310844025065,20,9,,3,Clothing,1
30,69.0,39399.92690187696,20,7,157.23053539300003,5,Electronics,5
31,34.0,60120.506951297764,21,7,43.0832361639745,2,Clothing,2
32,69.0,51933.91604549245,25,3,278.28978622573726,1,Groceries,5
33,23.0,63495.825284187296,24,4,147.349886014194,2,Electronics,3
34,33.0,53314.05122903354,24,5,326.58033603802534,5,Groceries,3
35,65.0,39999.482439292435,25,7,668.9038332697247,2,Clothing,2
36,18.0,59739.29590210082,24,6,108.72176425305224,9,Groceries,5
37,36.0,39737.36950331111,16,6,76.83920997015795,9,Electronics,2
38,53.0,58746.26411182092,12,3,66.27929058064413,3,Clothing,2
39,42.0,53334.74180111817,19,2,234.8740411602571,2,Electronics,3
40,67.0,38534.69446578776,22,9,714.2364092590516,7,Groceries,5
41,69.0,37991.279518545845,21,6,67.32375662009903,3,Clothing,4
42,,46500.70875797171,14,3,124.08279641313769,6,Electronics,4
43,37.0,46928.378388471174,14,5,171.76052308545417,4,Groceries,4
44,37.0,23776.41538139568,12,5,,2,Groceries,2
45,32.0,70311.25039656325,21,10,56.776570657627765,8,Clothing,3
46,,988.6608902136286,28,2,652.1113859716138,9,Clothing,1
47,50.0,49696.13998213694,28,10,148.47844936451725,2,Electronics,2
48,19.0,41414.890018305865,16,5,260.67537607257634,1,Electronics,2
49,27.0,26598.72145487198,15,7,304.0482736280654,3,Clothing,6
50,50.0,46310.33095064054,18,3,107.91340455534863,1,Clothing,2
51,49.0,45555.12213122899,18,4,735.7430965451289,1,Clothing,0
52,28.0,65804.76396841882,20,4,2240.8429122434086,2,Electronics,0
53,41.0,46425.19074362911,15,10,402.2370708129939,6,Groceries,2
54,53.0,49113.05612989695,15,5,,5,Clothing,3
55,,72423.35489592521,17,10,78.98351243068821,6,Clothing,3
56,68.0,32621.671483017202,18,8,382.19843297342123,5,Clothing,3
57,46.0,60929.626880545926,22,6,438.4377783692282,3,Groceries,0
58,52.0,53309.53483170532,19,3,61.9927487414395,6,Groceries,7
59,18.0,95754.29251166293,21,1,37.42410346389559,5,Groceries,1
60,18.0,67658.11347102915,19,1,282.9212774763486,7,Electronics,1
61,54.0,63721.46634931328,25,4,172.42457918783506,5,Electronics,3
62,23.0,42434.40840215127,13,8,22.827158949519024,2,Groceries,2
63,,38956.303252225276,20,10,102.00039229981603,9,Groceries,0
64,58.0,63917.88161566464,16,4,80.69340467162188,7,Clothing,5
65,35.0,57464.686747228465,22,2,216.16870683262496,7,Electronics,7
66,33.0,75933.25772273849,20,4,109.08519218919012,8,Clothing,5
67,22.0,61017.935865063555,23,7,209.20945136241676,7,Clothing,3
68,59.0,14175.79879054497,20,8,321.2765848115886,1,Clothing,2
69,,53738.758078673054,24,5,736.698191569099,5,Electronics,4
70,49.0,40640.18297904912,18,3,192.22380594856702,4,Groceries,5
71,19.0,60430.48799990941,15,1,,8,Electronics,4
72,19.0,54854.38270345851,18,3,56.945756002207425,3,Groceries,5
73,,56514.30291257094,17,2,141.67510868676823,7,Clothing,7
74,59.0,58383.47642755021,24,1,282.2089505393052,1,Electronics,2
75,53.0,62640.85356822784,25,10,50.72941716039462,3,Clothing,3
76,56.0,70894.6504325,14,7,,7,Groceries,3
77,29.0,55513.26775125803,18,4,230.57550117200645,9,Groceries,4
78,64.0,21512.47835746208,26,4,303.40744380973996,8,Clothing,6
79,36.0,27021.426302787477,18,7,434.95237173218254,2,Clothing,4
80,,51140.03272513441,25,7,356.8654028027376,2,Clothing,2
81,18.0,42090.208692903776,26,6,251.9648326938248,1,Groceries,4
82,,47679.64447078428,21,4,37.49485486885881,2,Groceries,1
83,53.0,136532.74398271026,16,10,75.59700922330683,5,Groceries,3
84,30.0,60627.615268967245,20,5,200.00013887607832,2,Clothing,6
85,60.0,41302.62310942014,16,1,,1,Groceries,2
86,,75348.91240226469,26,10,623.2746269078696,4,Electronics,3
87,29.0,43601.02450633564,27,9,27.36048510507951,9,Electronics,20
88,22.0,47046.0962662642,27,1,299.90530497374874,5,Clothing,4
89,24.0,21979.10239320966,21,2,76.72522149877662,2,Electronics,4
90,22.0,30390.589276875897,23,5,264.03038620748725,5,Groceries,1
91,65.0,43391.61058788117,19,10,103.75734853625815,7,Electronics,0
92,21.0,35017.619856597536,18,1,275.3708877406649,5,Groceries,4
93,30.0,34271.57917551957,20,10,461.1948513566391,3,Clothing,4
94,54.0,58578.367222484434,22,5,181.33905161111105,8,Clothing,3
95,,52254.03650519954,14,5,35.80812502676808,5,Electronics,3
96,32.0,61827.10797798169,23,3,603.4705646552086,3,Clothing,0
97,33.0,81528.19472651374,18,9,152.06501837938697,6,Clothing,2
98,38.0,40232.345921190274,17,3,54.736740097978284,3,Electronics,5
99,53.0,165181.23925576243,19,2,104.99413924130911,7,Electronics,6
100,41.0,25631.270766126672,21,6,255.37505573043603,6,Electronics,3
101,33.0,45671.47816252245,20,8,547.6000778995397,9,Clothing,5
102,31.0,44679.79962021266,14,6,474.1434906477428,9,Groceries,2
103,39.0,36056.48719550778,24,5,30.231867846984343,8,Groceries,4
104,66.0,50486.87077490117,30,7,410.8164996877622,9,Groceries,4
105,67.0,135758.18841138383,17,6,178.4011918616071,9,Clothing,2
106,23.0,65990.86673841118,17,4,105.41792197496396,1,Electronics,3
107,59.0,56957.88241963987,22,9,124.86121986964972,2,Electronics,0
108,53.0,28260.938668611834,17,10,316.57060681287817,8,Groceries,2
109,18.0,59516.95782695018,18,8,372.5760226532177,9,Clothing,4
110,,71553.91512117405,19,1,214.52862202819958,6,Electronics,4
111,23.0,31828.690445026812,33,6,12.047963940880278,3,Clothing,1
112,48.0,54352.03249230042,16,9,330.5355585517782,9,Electronics,2
113,18.0,25937.00567023879,15,7,5.216279119366731,9,Groceries,3
114,67.0,65225.87191647933,21,7,98.12884306218155,8,Clothing,5
115,68.0,57044.9328505903,21,10,117.4576354099298,4,Groceries,2
116,54.0,56339.69635796259,22,6,141.0871530426176,7,Groceries,9
117,52.0,24676.507809472892,14,8,59.130320403689794,1,Electronics,4
118,66.0,24577.990313366325,14,10,108.62369105293823,6,Electronics,5
119,47.0,51943.815523683574,26,2,309.5730318951211,1,Clothing,0
120,21.0,53819.820607018926,27,1,63.28941100622539,2,Groceries,6
121,52.0,48891.783701955654,19,1,335.5977070294592,9,Electronics,20
122,,43009.88508323252,17,3,2.531119233647334,4,Electronics,2
123,31.0,78202.59169828241,14,6,30.816538706234926,7,Electronics,1
124,,64763.46618853092,24,9,518.8568423968275,5,Groceries,4
125,57.0,71398.11781006353,25,1,127.12662814260705,1,Clothing,3
126,39.0,32707.298882027007,18,7,10.426653603535204,4,Electronics,3
127,27.0,71833.51804378498,12,4,188.54914628300676,4,Electronics,4
128,18.0,55710.57057180332,16,8,121.7637949705146,6,Groceries,6
129,28.0,46917.84978270077,20,6,18.551974058388776,7,Electronics,2
130,68.0,62886.71862836408,24,1,85.530638572946,1,Groceries,7
131,61.0,33888.767272525336,21,4,190.6044729360226,6,Clothing,2
132,41.0,61111.70125017009,21,8,197.61564982223595,5,Groceries,5
133,20.0,72909.44771324957,16,5,435.9019366367979,1,Groceries,1
134,52.0,53261.32555877966,19,7,135.65411338451884,3,Groceries,5
135,53.0,188561.72625009948,22,9,22.127727190066047,5,Electronics,4
136,48.0,64314.09638772448,16,3,24.10681234370797,6,Groceries,4
137,21.0,29042.662275931867,17,2,107.84615365619968,2,Electronics,4
138,36.0,48828.19353275504,19,3,40.992255728916696,1,Groceries,3
139,64.0,52593.142197444286,15,9,507.54464048840225,8,Electronics,2
140,53.0,28473.4728479363,18,4,47.67129736127441,7,Electronics,4
141,38.0,56155.177432701355,12,7,94.43952897776501,4,Electronics,5
142,,49194.1631059381,24,2,143.64454507693517,9,Groceries,2
143,,42777.79734635298,25,8,80.21562023682988,2,Groceries,2
144,45.0,46583.40340982391,19,10,218.48405946575275,3,Electronics,2
145,,39452.19002297655,32,4,185.90334013282964,7,Electronics,2
146,59.0,61762.675740172366,22,1,560.5854877285876,1,Groceries,4
147,19.0,48600.07399831292,18,6,,6,Electronics,4
148,54.0,43029.71864090199,22,10,184.74450014120228,5,Clothing,3
149,,47266.68496669308,17,9,118.37521960242483,1,Groceries,2
150,40.0,65182.61086869828,24,8,190.78537759063883,6,Electronics,2
151,61.0,54544.19131103877,24,6,195.13703441392713,9,Groceries,4
152,58.0,47746.038000139444,23,7,62.82645639139476,7,Groceries,3
153,29.0,58251.85306982697,24,9,39.20725553076857,3,Clothing,3
154,20.0,210728.88397859415,21,4,146.38074266395768,3,Clothing,1
155,69.0,100182.04235626929,16,10,73.42100991894792,4,Groceries,1
156,34.0,60476.92952209939,23,7,97.30155829311383,7,Clothing,4
157,50.0,53124.5245026028,17,1,0.3330018071139521,3,Clothing,3
158,18.0,56913.8512302327,26,10,228.9383520614126,3,Electronics,2
159,56.0,183961.23004892847,36,6,11.953282684458188,8,Clothing,6
160,37.0,74174.82447986446,17,2,265.9612325618648,9,Clothing,0
161,64.0,16250.842015477865,22,10,46.62864084008421,7,Clothing,2
162,60.0,78289.76300255593,16,4,36.00840813042813,1,Groceries,2
163,69.0,75160.35073313923,19,1,183.53645300461542,9,Electronics,3
164,58.0,66360.75209985896,18,4,2461.653672411815,1,Clothing,3
165,31.0,72256.74671917426,16,3,109.66036315369378,9,Electronics,3
166,48.0,33203.6212935868,16,2,406.9993642033798,1,Clothing,3
167,42.0,37300.88041483351,21,2,12.76714042842303,5,Electronics,4
168,20.0,48680.44534630035,23,2,142.1271465123091,8,Groceries,1
169,21.0,47859.46403893143,14,8,228.99357823637433,8,Clothing,2
170,48.0,48635.66030647258,20,9,94.12531472393404,8,Groceries,1
171,52.0,64820.37883824897,22,5,27.73050176875073,1,Clothing,20
172,61.0,26306.192078137155,19,3,9.31581499482529,4,Electronics,0
173,31.0,70808.78299281071,15,4,97.794019742857,3,Electronics,4
174,66.0,37824.01745783051,21,9,271.53241479154116,5,Groceries,3
175,58.0,37148.698814681324,17,8,932.3848056599577,6,Clothing,1
176,26.0,56440.298466130866,31,2,124.37848665344593,6,Electronics,1
177,37.0,37647.98641174813,16,10,69.88800086128249,3,Groceries,2
178,49.0,30803.860143544174,15,9,85.13361646614759,5,Groceries,2
179,26.0,52929.96534308335,17,7,19.28699985893018,9,Clothing,2
180,44.0,38198.88387412277,28,10,119.60857975887077,1,Clothing,1
181,20.0,38275.85409195148,25,9,197.30435054372444,1,Groceries,1
182,21.0,57332.36438035395,18,1,195.40857261486227,2,Electronics,4
183,62.0,68952.04632170586,22,4,2.5702504495829483,5,Clothing,4
184,32.0,36834.68247859592,28,2,200.87797525785405,2,Electronics,2
185,50.0,63562.19408851689,23,2,219.13517801690028,4,Groceries,0
186,22.0,168746.39629799104,19,2,139.44089139719136,9,Electronics,3
187,21.0,43586.97734078454,21,3,579.6459884552124,9,Groceries,2
188,63.0,50738.38174062249,28,3,59.69326794779112,4,Electronics,3
189,29.0,74513.21181929618,25,5,381.9949963582009,6,Clothing,2
190,40.0,51646.724852546904,19,3,38.28575570075094,9,Groceries,3
191,31.0,49308.69511121922,24,10,60.7501434027613,3,Clothing,5
192,63.0,42534.66184858546,20,10,45.85716909590361,4,Groceries,2
193,29.0,57721.79328999532,16,10,433.1210492571545,9,Groceries,6
194,34.0,64875.05194366454,14,8,315.5158460248332,1,Electronics,3
195,42.0,83809.9101506175,16,5,119.7433957854638,6,Electronics,4
196,47.0,67480.46308203603,26,1,94.97045600426642,9,Clothing,4
197,39.0,52584.28982923621,22,8,2.5970468334596912,1,Groceries,5
198,,63647.430537429726,17,8,242.09181799848335,1,Groceries,2
199,43.0,75542.1291027763,21,5,670.1281857431518,1,Clothing,4
200,34.0,40160.69605394463,17,2,301.48398661940405,6,Electronics,3
201,37.0,53155.7549970668,18,7,53.07367728219581,6,Clothing,3
202,51.0,49047.140631975264,21,9,61.441500177788924,8,Groceries,2
203,58.0,101176.3506657599,19,1,,8,Groceries,2
204,50.0,50442.71719175904,20,5,104.75910176915113,9,Groceries,2
205,54.0,29776.63861257191,15,6,52.88106638755151,1,Clothing,2
206,24.0,59424.40296389106,20,9,313.6762653692684,8,Groceries,1
207,39.0,71674.13414483139,18,7,308.4359621833861,3,Clothing,2
208,49.0,64640.412047918195,24,1,245.1556548428315,5,Clothing,3
209,31.0,49145.99108155527,21,1,0.994589238895406,2,Groceries,6
210,25.0,35414.234453758996,7,8,498.6965803459596,7,Electronics,2
211,42.0,27139.002743260302,10,2,82.36448615776224,8,Clothing,3
212,33.0,57942.18436296792,19,10,5.848434076149707,3,Groceries,4
213,59.0,58119.48337084844,17,1,202.9014951484311,7,Clothing,7
214,36.0,32389.9835844783,16,6,267.57650716355596,4,Groceries,4
215,58.0,119059.4421006077,14,9,222.31580773098037,4,Electronics,1
216,33.0,69087.20483337865,18,2,99.15989942643887,7,Electronics,2
217,29.0,60303.18241713538,30,5,1184.6857847143156,2,Clothing,7
218,56.0,74632.92763801049,22,2,88.16929543810271,6,Groceries,2
219,,41843.19578816144,23,9,,5,Clothing,3
220,47.0,175600.4142171132,24,1,509.58600472047146,4,Clothing,3
221,19.0,40150.24428774617,21,3,260.31368802376954,5,Electronics,2
222,49.0,62498.007254737844,13,9,19.890781680322206,2,Electronics,6
223,62.0,15243.060387616351,18,5,300.2410817065304,1,Clothing,2
224,42.0,55850.89091996924,15,1,,2,Clothing,6
225,,61780.065290161365,21,10,349.0381062782939,1,Groceries,2
226,21.0,33538.13501343345,14,10,129.54502614198447,1,Groceries,1
227,36.0,53184.43110174961,17,8,348.76283669959264,6,Electronics,1
228,65.0,51162.1216514174,12,8,15.72837423680083,5,Groceries,2
229,21.0,43492.91601061939,15,4,58.66669882580597,6,Clothing,4
230,,48038.11128660235,20,7,403.2811739331927,3,Groceries,4
231,30.0,49456.85004631666,19,2,8.453735427092479,1,Electronics,1
232,,19243.98735316964,21,9,,7,Groceries,1
233,53.0,61107.04521946854,27,5,393.8949656608276,5,Groceries,1
234,40.0,48786.49288790162,26,6,354.1970858809749,5,Clothing,3
235,23.0,38481.11573369549,18,4,17.683367838690902,3,Groceries,2
236,41.0,66080.33549869084,18,2,122.90880258914866,9,Groceries,2
237,61.0,55033.198037577706,17,9,263.51486844395623,7,Clothing,1
238,50.0,59915.020964323834,19,10,,8,Groceries,2
239,29.0,24475.86613001174,22,6,474.0249154564446,8,Electronics,2
240,58.0,46025.10683146665,18,8,565.3545891900471,7,Groceries,2
241,38.0,30158.71907748473,20,5,36.72822480344548,7,Electronics,1
242,28.0,54912.140373891685,21,4,19.60779631575018,1,Clothing,3
243,61.0,51116.065512622874,26,8,71.15130269266523,8,Electronics,3
244,55.0,50616.18943373921,13,5,126.61471521731562,6,Electronics,4
245,46.0,68894.5580339077,31,5,34.16100272817252,9,Electronics,5
246,,63374.99972146958,17,1,55.30050953155,9,Groceries,4
247,58.0,57584.25660177147,17,8,541.5063269624978,1,Clothing,5
248,20.0,39748.749904063516,15,6,250.96904201777227,9,Groceries,3
249,45.0,36852.63402617592,24,4,,8,Groceries,3
250,,49915.780070865425,22,2,738.5099009152879,5,Groceries,4
251,43.0,71998.43516732441,22,3,0.5459181911314283,1,Electronics,1
252,41.0,39113.096959609655,24,8,31.45275639098035,1,Clothing,2
253,69.0,24007.737659024817,21,1,235.36897294036115,8,Groceries,0
254,64.0,60499.38926056625,20,5,251.0311142395383,6,Clothing,0
255,38.0,50480.064212468234,15,6,383.42770060655,1,Clothing,2
256,47.0,53169.32425889048,21,5,176.1606980440894,8,Electronics,1
257,21.0,51310.86706325878,17,3,162.9500203242549,3,Groceries,2
258,53.0,59757.871047298846,19,3,101.3792504662348,3,Clothing,1
259,57.0,40719.12371408744,23,3,339.169254724521,1,Groceries,3
260,27.0,51337.17153951975,21,2,382.13975502380003,7,Groceries,1
261,27.0,53662.22936628918,20,8,120.14749992709217,7,Groceries,4
262,59.0,37329.78932713215,21,2,94.19053160031949,8,Clothing,8
263,41.0,36461.35749960548,30,10,10.343959657762843,3,Electronics,1
264,21.0,62251.57550304652,24,8,314.1170842195765,2,Clothing,2
265,64.0,60379.52808527411,30,8,223.5939176477391,6,Electronics,2
266,44.0,31170.793482248708,17,4,,5,Electronics,2
267,68.0,68775.84426771323,16,2,140.51242181257982,4,Clothing,2
268,62.0,36773.78462161688,16,8,452.7733848668103,8,Clothing,1
269,21.0,72349.91854802503,20,10,420.21325901224094,6,Groceries,5
270,49.0,57366.49062806234,18,8,39.46678047230496,6,Electronics,4
271,27.0,51353.508356000704,19,10,378.10766193168274,5,Clothing,4
272,28.0,49221.837866382586,18,8,,5,Electronics,3
273,45.0,66913.81816078462,27,9,,4,Electronics,2
274,,50600.52976360422,24,4,74.64326275215953,6,Clothing,2
275,25.0,31490.238713466773,16,10,232.27574975426825,6,Electronics,4
276,57.0,39046.29860990509,16,1,447.7979853396862,4,Clothing,1
277,39.0,12843.538795890527,18,10,22.93626045588603,4,Clothing,3
278,51.0,51294.56557184964,23,8,188.14394013070523,4,Clothing,3
279,62.0,69228.78780386779,16,6,226.72084089568406,7,Groceries,1
280,52.0,42944.12758981172,22,6,64.64168005927652,3,Groceries,25
281,52.0,34656.4360613381,20,6,282.6431799199037,7,Groceries,3
282,,67460.03732545578,14,10,21.81309941746753,8,Electronics,3
283,,42088.81924228641,17,6,54.8023577472911,5,Groceries,2
284,23.0,76840.64298624134,14,3,0.0982168724465273,7,Electronics,2
285,58.0,59286.89029654553,19,1,,5,Clothing,1
286,,33521.86809484231,29,5,61.15181770785551,9,Electronics,3
287,18.0,58814.418461826885,17,9,16.25664773778379,1,Clothing,4
288,29.0,71502.17172169324,26,7,425.527218664815,9,Clothing,2
289,52.0,34434.79806467632,15,2,,9,Clothing,3
290,23.0,49821.379259254005,18,6,,3,Clothing,2
291,34.0,49335.75062055115,21,7,63.34404023428758,7,Clothing,3
292,26.0,72492.77110630192,20,8,182.0118255732125,4,Clothing,3
293,19.0,49847.52253055086,21,5,212.43483889241506,7,Groceries,1
294,,58059.550377088,28,8,258.6273296502451,3,Electronics,4
295,66.0,47290.37549686591,12,7,70.11758114576561,5,Groceries,4
296,53.0,44730.13928083404,21,9,9.68162229563712,3,Groceries,3
297,45.0,45748.71442066817,26,1,389.3624182619942,6,Electronics,4
298,58.0,60311.25603556009,28,4,696.658052549702,1,Groceries,4
299,54.0,49171.83311079174,20,7,434.70599867501153,6,Groceries,3
300,66.0,56966.94592473219,22,9,17.2445300589576,5,Clothing,4
301,43.0,204873.27676999525,18,6,307.5501831737272,9,Clothing,5
302,21.0,41607.57617902355,19,5,133.10775080554075,6,Groceries,2
303,57.0,38003.69530482376,15,9,200.00042300343873,2,Electronics,6
304,53.0,147211.96134641333,25,10,189.20326368677587,8,Clothing,3
305,68.0,57179.24325509867,19,10,153.15703323336066,1,Groceries,10
306,48.0,58127.83256798861,23,10,224.83398786333152,7,Groceries,1
307,47.0,45857.01164828557,18,6,191.59002607376084,3,Groceries,2
308,67.0,50126.68439057385,29,1,172.00135454855615,3,Clothing,3
309,51.0,56269.00625655858,21,2,30.822527174349286,7,Groceries,2
310,36.0,39246.31353067013,20,3,400.40345296740657,1,Groceries,5
311,35.0,74769.09297147635,19,10,280.07494318419094,3,Groceries,3
312,47.0,61249.7923419387,16,8,666.9089689432903,6,Electronics,3
313,,70103.55852734519,25,8,313.79648029836176,2,Clothing,1
314,,28390.91744636701,16,5,174.70433688926988,9,Groceries,2
315,23.0,20382.03172561958,27,6,498.18707986127146,1,Electronics,6
316,55.0,27606.43317686043,22,3,212.4152131637042,7,Groceries,10
317,30.0,43397.09968167825,29,3,74.25033103340948,7,Groceries,1
318,,48801.07299661655,15,5,38.59645555479285,6,Electronics,2
319,20.0,34518.72921284009,22,1,185.42371803633137,4,Groceries,4
320,65.0,61228.17217200379,14,6,266.4931991015969,4,Groceries,3
321,45.0,88245.3724329095,17,9,347.63858592644533,7,Electronics,4
322,39.0,41177.3008804429,26,6,67.1751059832989,2,Groceries,3
323,57.0,59189.12562903307,29,2,464.5578490956355,5,Clothing,1
324,57.0,47147.20242615179,20,9,172.53638029294007,7,Electronics,3
325,29.0,83738.63660174349,13,9,256.8147533302175,3,Groceries,2
326,40.0,70846.17373278545,18,5,330.19039710322346,7,Clothing,0
327,48.0,42331.976413444325,20,1,,3,Groceries,3
328,35.0,44782.87898941358,21,6,68.49534268129999,3,Electronics,6
329,24.0,53257.733857836145,15,8,99.66963130266909,4,Groceries,1
330,25.0,27358.311523854798,17,2,460.45164028345533,3,Clothing,0
331,36.0,54516.03950603715,22,7,,2,Groceries,1
332,46.0,55637.70479311667,22,9,101.87741313312159,1,Groceries,2
333,61.0,39779.35797087942,27,9,125.9737402807106,8,Groceries,5
334,,60810.25354475707,14,8,252.56603286937778,2,Clothing,2
335,67.0,75367.85755685758,13,6,,5,Clothing,0
336,59.0,48972.22399025566,14,9,91.557665139566,8,Groceries,4
337,47.0,43001.586599976974,16,2,46.19235689102463,2,Groceries,3
338,64.0,176312.0562373813,22,7,146.29245719673318,2,Electronics,4
339,39.0,61927.63046046228,26,1,295.7717976981234,2,Electronics,4
340,27.0,55412.871938910685,14,6,27.835142170024778,8,Clothing,1
341,43.0,42763.7968809903,31,6,864.5170739110919,5,Electronics,2
342,68.0,44784.50796183671,13,4,125.88869294719636,7,Groceries,1
343,50.0,31001.619845075536,22,5,296.57575505280266,6,Electronics,6
344,45.0,38501.503153913305,17,7,86.90145997712753,9,Clothing,1
345,27.0,53085.94526975724,18,6,133.93956689466648,6,Clothing,4
346,46.0,40874.40686581726,21,4,669.7071821583178,6,Groceries,6
347,,45152.44972640449,14,9,234.40580144062432,9,Clothing,3
348,35.0,25770.976111868786,23,8,5.197600378370503,9,Electronics,5
349,,56505.1776237451,17,8,52.78845645343103,6,Clothing,3
350,18.0,46730.37042078751,19,9,60.021322877798525,2,Groceries,1
351,40.0,65349.86694423203,26,9,638.3831307035961,3,Electronics,2
352,34.0,47987.97090550343,16,7,293.56047567806473,1,Clothing,2
353,60.0,50700.85737563772,23,8,227.0328183973235,9,Electronics,3
354,,123221.0312829258,20,9,14.439042702339771,8,Electronics,0
355,48.0,20754.253089296413,22,3,325.7389536331507,9,Electronics,1
356,42.0,42049.61127577733,22,4,40.09871726369358,7,Groceries,0
357,21.0,34094.6673884722,19,5,32.21704438524277,6,Clothing,3
358,69.0,36372.67686354627,23,5,406.2825676485491,5,Groceries,1
359,26.0,49475.36884737689,24,5,1.0099746241570984,7,Groceries,3
360,,28604.041156797568,26,5,13.0741487431011,3,Clothing,4
361,,30461.94494241605,17,2,503.66618726638814,2,Clothing,2
362,64.0,32138.629181460772,24,3,57.95162661492829,3,Electronics,3
363,41.0,47441.85769565871,25,6,297.74363804779483,9,Clothing,7
364,50.0,62210.77662974488,28,7,214.10597578497126,9,Clothing,1
365,37.0,42197.80572062981,20,7,23.809047895421582,5,Clothing,3
366,26.0,79019.03061888568,26,10,316.87970940422235,7,Clothing,1
367,25.0,49217.064253179684,24,3,46.48504501310678,3,Groceries,4
368,41.0,34137.71516367316,25,6,237.76862154395388,5,Clothing,2
369,31.0,47628.65028872484,23,1,95.88262159861668,5,Electronics,1
370,35.0,46423.82723145439,21,10,157.38604306378633,6,Clothing,2
371,18.0,54192.49856668171,17,2,584.5203774147958,6,Clothing,0
372,29.0,79431.16645130902,21,2,59.99949004069048,6,Electronics,6
373,46.0,68703.95916845069,16,2,71.64936640698602,8,Groceries,2
374,54.0,52817.90484937648,24,9,69.21071495497094,4,Groceries,3
375,43.0,69221.18319756642,20,4,92.41430700146283,2,Clothing,5
376,50.0,70628.9677586222,20,4,171.8986553593954,1,Electronics,5
377,60.0,213927.38169705443,23,3,322.1389330608618,8,Clothing,3
378,32.0,41640.87672414599,23,4,447.19758499921295,1,Clothing,4
379,40.0,74869.61788205907,20,4,12.628194931137202,7,Groceries,6
380,46.0,56792.311946932,21,1,210.0195953925379,8,Clothing,5
381,38.0,44473.50630146566,17,9,179.49605089148886,2,Electronics,4
382,36.0,30698.90558636593,15,10,183.72822789019946,7,Electronics,4
383,22.0,25482.180670368227,13,5,315.32959712208526,9,Groceries,2
384,40.0,49845.85041070637,21,9,555.6610546591734,3,Groceries,3
385,53.0,46159.48107050619,16,1,275.8686450448229,3,Clothing,3
386,37.0,63770.604308306865,15,4,37.657793391683306,6,Electronics,7
387,25.0,48091.154399251805,13,1,618.6741485667583,6,Electronics,5
388,,53265.06028637212,16,9,400.8015575012908,4,Electronics,1
389,31.0,56486.504986604275,14,4,71.2365633674028,9,Clothing,1
390,,42264.039007731044,24,1,26.07922463177173,2,Groceries,6
391,18.0,45535.95047536954,24,9,327.9697355887955,7,Electronics,2
392,26.0,40194.4702505702,28,2,748.8938658565348,5,Clothing,5
393,33.0,78031.35088822216,25,7,27.275569819490048,3,Clothing,1
394,33.0,53561.14582477411,28,1,210.7427077110721,6,Clothing,6
395,29.0,30200.663755356807,27,7,1.9771179751362722,8,Clothing,2
396,22.0,37827.671833412875,24,6,7.227618640296747,7,Groceries,2
397,57.0,43257.511217059495,23,3,307.5930199706027,2,Electronics,1
398,46.0,56160.856455986264,18,4,338.111789048581,9,Electronics,0
399,63.0,54696.17745050421,24,6,85.95550377634743,2,Electronics,2
400,44.0,169396.83830417937,17,4,118.82708856185245,9,Groceries,2
401,28.0,30283.56859985427,17,8,302.3508379973512,1,Clothing,2
402,64.0,84819.3586929836,21,7,,1,Electronics,1
403,,64492.65720657705,14,1,193.86181754710637,4,Groceries,0
404,45.0,49451.47849963618,14,5,306.7621000584043,8,Groceries,5
405,69.0,42029.50151806607,18,9,134.54503140728679,9,Clothing,1
406,53.0,31372.265351782527,23,5,118.60327219245619,6,Electronics,6
407,59.0,70426.48672406783,25,10,253.80700491091682,7,Electronics,3
408,36.0,63344.510542216376,22,3,231.5441083080154,5,Clothing,2
409,52.0,33766.091885960435,21,3,139.54716105723935,7,Electronics,5
410,69.0,40691.20588934645,21,9,221.65581549026828,8,Groceries,2
411,,32437.59860939931,28,4,10.370877868031023,2,Groceries,2
412,,61622.94194207596,27,5,68.01055967498422,5,Groceries,3
413,36.0,66407.26771598156,18,4,48.73889846080084,5,Groceries,4
414,63.0,129203.74086107076,26,5,17.06650120893466,2,Clothing,3
415,41.0,37749.87867485026,15,3,46.560291653471126,4,Clothing,2
416,19.0,29080.770503987824,21,10,393.2656299025532,1,Clothing,2
417,24.0,61736.62470541974,23,9,453.210920640365,2,Electronics,1
418,60.0,65659.26789052619,26,2,152.33071049056556,6,Clothing,5
419,66.0,32449.574456255796,17,1,132.48291583725745,4,Groceries,3
420,48.0,45421.754821093666,19,4,124.41390471465574,9,Clothing,6
421,34.0,52640.75444435761,19,9,639.0562151345929,1,Electronics,3
422,44.0,63853.363375978064,29,4,565.4298515099006,6,Groceries,1
423,53.0,37285.78937815943,8,10,48.79376029080176,8,Clothing,2
424,67.0,38250.804901341195,15,5,19.962243704080144,3,Groceries,2
425,60.0,17397.595898743788,18,9,11.18356702162988,5,Electronics,9
426,27.0,32625.68740969516,22,10,88.5285478411732,9,Clothing,5
427,62.0,149193.3537524342,25,10,108.0999320458202,2,Clothing,2
428,31.0,72352.17429249824,21,10,56.91757131817439,3,Groceries,1
429,24.0,35053.34957547636,24,10,505.7092032749739,7,Electronics,4
430,56.0,41877.450201263615,24,5,362.99006727494617,7,Clothing,5
431,57.0,42454.831948453895,24,2,272.87767110120006,6,Clothing,1
432,,40297.4640153154,18,6,132.28955046330822,3,Clothing,1
433,31.0,60779.115788021605,15,5,435.1830319680889,5,Groceries,4
434,25.0,35634.477372987174,17,6,580.7668730052234,8,Electronics,3
435,34.0,40384.86257800511,19,9,437.2664234417641,7,Clothing,0
436,40.0,68990.6181939936,20,8,60.589256698039286,2,Electronics,5
437,33.0,56435.67502510776,12,1,399.35473181267344,3,Clothing,5
438,43.0,34854.79386986367,12,7,86.26957263440097,3,Electronics,5
439,26.0,57709.19368211069,19,2,26.31083504258876,6,Electronics,7
440,53.0,47018.52936986238,17,2,272.2207836204898,3,Electronics,2
441,24.0,53584.035595172165,25,10,330.9755277239362,8,Electronics,2
442,35.0,35711.36019442339,14,5,865.2164248961968,8,Clothing,2
443,25.0,45594.184398611775,14,6,131.15389605341633,8,Electronics,3
444,38.0,48628.07310918255,21,2,57.809277353125744,3,Clothing,3
445,43.0,51675.35674760757,34,6,13.525515223661808,5,Clothing,1
446,20.0,47371.159385844396,22,10,106.60864654553575,1,Electronics,2
447,34.0,43857.97989999813,19,6,172.2793823356718,4,Groceries,0
448,68.0,65375.78413031668,11,4,137.23355156568664,7,Groceries,2
449,,49374.04590823517,24,8,35.53550725550234,2,Groceries,2
450,41.0,25269.301121179233,26,2,92.89832022328052,2,Electronics,3
451,42.0,55321.36814717119,23,8,499.9791549016697,8,Clothing,4
452,22.0,34177.17178084163,20,1,122.97586543356056,8,Electronics,4
453,54.0,63239.95201389701,21,7,143.5795716542962,4,Electronics,1
454,62.0,65547.09146289386,19,7,127.69832411974073,4,Groceries,1
455,67.0,52371.671865582175,17,6,97.13402622050631,9,Groceries,4
456,41.0,60074.87273321793,17,4,12.508548862786895,9,Clothing,3
457,48.0,72817.13053182134,23,1,,9,Electronics,3
458,43.0,59165.68504707242,24,7,138.62857064641162,3,Groceries,6
459,38.0,107345.51161151502,18,5,175.62220376396166,6,Electronics,2
460,51.0,64537.22267734821,18,8,390.21120976462123,2,Electronics,2
461,55.0,57813.84751217962,17,6,90.47762720379016,5,Clothing,1
462,41.0,56248.89437375388,22,5,325.4159958842748,7,Clothing,0
463,45.0,43193.92170015313,20,9,237.33506292024802,2,Clothing,2
464,47.0,59404.0942225732,21,4,581.6181055415647,9,Groceries,3
465,51.0,58164.78916949782,25,8,5.625492079779561,2,Clothing,1
466,69.0,62194.215291912915,17,8,272.5776465522791,4,Groceries,1
467,69.0,67642.76582365503,18,9,12.668033185470717,9,Clothing,4
468,40.0,32160.114296265492,20,4,68.77415018216857,4,Electronics,20
469,25.0,65643.55567376297,9,2,498.0287905097833,5,Clothing,2
470,59.0,58960.688331795514,18,9,298.6470440181449,9,Clothing,2
471,67.0,62078.34638129518,21,6,216.95321577701083,5,Electronics,5
472,27.0,76974.92293352152,14,5,,5,Clothing,5
473,,42451.45849512283,19,5,10.222356655052081,8,Clothing,4
474,37.0,55873.67765505249,33,2,60.28935584018471,9,Groceries,2
475,54.0,65609.91725242266,20,2,131.11973346974276,2,Clothing,2
476,,37878.293086497986,18,9,109.90580368701342,6,Groceries,2
477,38.0,66332.72640987692,13,9,122.54675853585368,6,Clothing,2
478,66.0,25247.988310836383,10,4,6.155960913898899,7,Clothing,2
479,21.0,27683.72945505092,22,3,200.51907458443208,3,Groceries,6
480,60.0,63451.90503049783,17,7,119.91882942371714,2,Groceries,0
481,19.0,78958.32137815513,20,4,3.386249110322006,7,Groceries,4
482,38.0,43874.43976874555,18,1,560.0769907124356,9,Clothing,4
483,54.0,59802.013277091304,14,1,44.054640716969594,5,Groceries,4
484,22.0,204661.99947861888,17,6,37.16704721009749,2,Clothing,0
485,34.0,44444.53404415471,15,9,281.37620002250554,8,Groceries,3
486,66.0,48644.87979038054,24,8,85.74566857574959,1,Electronics,2
487,65.0,52690.28854523522,18,6,,2,Groceries,2
488,28.0,46223.85018995981,18,9,1.1968018686619257,6,Clothing,1
489,63.0,50308.20775951818,19,1,112.92753807992459,6,Clothing,3
490,58.0,59610.26425595972,13,2,5.029515599718577,8,Clothing,3
491,48.0,50023.89747813507,14,3,47.03357390466933,9,Electronics,3
492,45.0,49489.30551606133,28,1,43.31240489382368,4,Electronics,1
493,61.0,50534.64946273343,21,9,707.5874177849983,5,Groceries,3
494,49.0,49868.46951184693,15,3,72.02563317187092,9,Electronics,5
495,38.0,44483.583364651364,8,9,365.58270750502015,2,Electronics,6
496,24.0,25292.528246222922,25,1,109.2064955664384,9,Electronics,4
497,27.0,118752.90735225932,27,7,396.28784199449666,1,Clothing,1
498,45.0,43601.903408453014,18,7,217.40823623077654,3,Groceries,1
499,65.0,63634.841568283206,25,7,1.4235390610133871,9,Electronics,2
500,53.0,72061.59363701883,20,4,23.666688076504027,6,Clothing,4
501,37.0,48499.595370334595,23,5,6.369354942909343,1,Electronics,1
502,30.0,43769.02888144546,13,4,18.95997401897658,7,Groceries,2
503,36.0,19645.285945436975,18,1,49.77281880631072,8,Groceries,4
504,67.0,61772.917207768536,18,4,307.9662211819971,8,Clothing,4
505,,122011.86111744755,18,7,264.6118108970863,5,Groceries,4
506,52.0,82841.85110179342,14,7,56.131641177660676,2,Clothing,2
507,51.0,68034.41221401472,21,7,98.99798181992924,8,Electronics,3
508,61.0,74092.0210766719,19,6,392.4923846270457,3,Clothing,5
509,21.0,123376.53400960159,17,10,15.013936576793746,9,Groceries,4
510,30.0,33633.91070457786,20,1,166.39715886664584,9,Electronics,4
511,54.0,38165.356584746005,20,2,24.439868867336553,6,Groceries,1
512,19.0,38762.069101646186,18,5,1025.0317477842198,4,Electronics,1
513,67.0,54339.85217939317,20,8,116.5524764107642,3,Clothing,5
514,18.0,49787.043141883674,26,3,493.66014283362165,4,Clothing,2
515,57.0,36484.33747187897,19,7,33.20683481208428,1,Electronics,0
516,42.0,63612.12494450656,16,1,927.2532047351252,8,Clothing,4
517,,44985.18124737877,17,2,12.227036336766686,9,Groceries,1
518,53.0,44188.19024438348,23,2,36.43775689348904,9,Electronics,2
519,23.0,50000.15593378632,26,1,346.5892391704762,7,Groceries,25
520,24.0,53591.08785384524,19,2,299.75133277571564,4,Electronics,4
521,21.0,158869.32111084182,21,6,56.986980287292276,8,Groceries,2
522,,58872.847109828166,15,1,170.09127076430627,2,Clothing,1
523,58.0,37925.99409503782,16,7,127.98008948530304,5,Groceries,4
524,51.0,33458.401427636236,14,2,575.0662284834259,5,Clothing,5
525,46.0,38565.53234305051,15,1,196.63922385822156,3,Groceries,1
526,22.0,53919.70842352318,21,6,357.3898005264722,4,Electronics,5
527,44.0,38692.37858158304,24,7,,8,Groceries,3
528,,41605.78560418365,16,9,28.877886849565105,6,Groceries,7
529,63.0,34162.22305980228,21,7,172.93355067446294,7,Electronics,2
530,69.0,55501.51796640397,22,1,867.6521323155903,4,Clothing,5
531,27.0,77028.55603317652,23,10,20.10671823814726,2,Groceries,3
532,23.0,19511.89897556227,18,2,117.23431293678163,1,Groceries,4
533,51.0,39159.9139270002,17,8,289.5091559640769,7,Electronics,3
534,25.0,39188.28602968054,15,6,912.749255873628,1,Electronics,1
535,48.0,57431.79318233055,27,6,25.502163043992716,4,Groceries,2
536,26.0,45637.88448747389,22,1,103.65039322209924,3,Electronics,4
537,38.0,34493.13828674046,16,1,279.6414572610667,4,Clothing,2
538,25.0,52678.23382142061,23,2,180.31980679061053,3,Clothing,2
539,21.0,27870.125198946385,25,6,421.82032366830623,4,Groceries,1
540,39.0,31230.566741792423,20,7,21.549715350668645,9,Electronics,4
541,45.0,14485.868402171822,15,5,156.40117022051402,9,Groceries,4
542,62.0,39931.438438223704,24,9,,2,Clothing,4
543,21.0,32196.236943344626,14,10,336.68637470591017,1,Clothing,3
544,56.0,85308.60388979444,15,6,373.67095183120574,8,Clothing,6
545,38.0,56077.25909496726,13,6,128.55358362108396,7,Clothing,3
546,25.0,61436.78916850849,23,9,185.43237475014516,6,Clothing,2
547,37.0,61759.828485545346,20,10,1.5767448794846755,3,Groceries,2
548,49.0,33819.784755246794,21,2,233.61113923570147,8,Clothing,2
549,18.0,37405.05297300055,22,3,3.113321615939297,1,Groceries,1
550,23.0,62067.57646342539,28,9,208.3075166624187,9,Clothing,2
551,45.0,24880.098978915554,19,6,141.00187035376615,8,Electronics,2
552,,51016.88567688086,22,7,616.0825923023489,9,Clothing,4
553,48.0,70147.68612700733,17,8,35.60392794840168,6,Electronics,1
554,27.0,66006.46664685845,17,3,96.82918529326902,9,Groceries,5
555,37.0,50926.86510455442,36,5,389.39871277470576,1,Electronics,3
556,25.0,41389.98923794849,19,7,144.34858306751372,8,Clothing,4
557,39.0,64148.490317055264,18,1,337.0741790097302,9,Electronics,3
558,,78769.50266592522,30,4,141.62189223121683,6,Clothing,2
559,46.0,36608.70987645304,16,4,229.3937670752865,9,Clothing,4
560,26.0,39143.93540963135,21,7,426.6403686814172,5,Groceries,4
561,61.0,56825.279811949666,14,4,11.275095642604445,2,Clothing,2
562,64.0,40901.73241508567,18,10,425.4878685514808,4,Clothing,5
563,18.0,53669.2941648943,25,2,39.436848586485866,1,Electronics,2
564,58.0,71337.27021621802,21,8,281.5420737350745,9,Clothing,6
565,69.0,17272.985183745724,21,4,,8,Electronics,3
566,56.0,57616.77803643657,16,4,80.96978073961623,6,Groceries,4
567,43.0,45578.37447447261,13,4,636.4592168700127,8,Groceries,5
568,28.0,55552.88564296821,20,10,368.3159931707749,7,Groceries,2
569,69.0,77949.2536796765,12,2,67.25047266108847,8,Clothing,3
570,52.0,36228.753549571105,18,2,45.30062621689813,3,Electronics,2
571,,25867.50314762501,23,1,88.9422092697221,6,Clothing,0
572,50.0,55106.41834533113,13,7,80.7280991835092,4,Electronics,1
573,37.0,66044.17391270597,16,10,34.812873196526475,2,Clothing,2
574,44.0,40203.74106574936,14,10,554.2221962993164,7,Groceries,3
575,32.0,27110.221294084815,23,9,437.1827079259016,5,Groceries,2
576,50.0,51082.9833472285,21,9,415.6404535273137,2,Groceries,2
577,69.0,52276.65077890106,22,2,121.65510204577454,5,Electronics,1
578,24.0,26485.306302567136,17,9,311.7490925373007,7,Electronics,3
579,51.0,61832.87968862163,22,5,89.36922184617661,6,Groceries,5
580,62.0,49959.45320073961,27,4,394.07982533962513,2,Clothing,0
581,68.0,28814.752522160423,15,10,473.84107958464415,1,Groceries,6
582,,50240.67057209764,18,5,,3,Groceries,2
583,,58428.77745867652,23,9,129.32610111622563,6,Electronics,1
584,22.0,10546.286156599446,17,10,152.15636979220673,9,Clothing,3
585,47.0,130916.83845942604,14,4,54.39382545863687,8,Groceries,3
586,45.0,82362.9672414547,17,10,19.271054889926397,9,Clothing,2
587,35.0,70881.66856667372,14,10,97.85196642257733,4,Clothing,1
588,53.0,59284.07329558275,14,1,919.6934528029717,5,Clothing,3
589,,70564.22757360035,22,8,228.9847197035153,7,Groceries,2
590,38.0,25225.904641437468,17,2,367.6101831227079,1,Clothing,5
591,63.0,76382.08515693583,25,1,120.10202855152643,7,Electronics,0
592,33.0,46390.12382030046,19,9,26.53994322033133,1,Clothing,1
593,54.0,65165.616225140715,22,2,147.89068436416818,8,Electronics,3
594,59.0,50942.43484010766,19,6,8.058179154125689,5,Electronics,3
595,22.0,55505.28598524874,19,4,112.72872407941894,7,Electronics,2
596,,57262.31372801089,24,10,44.98323954235012,6,Electronics,3
597,68.0,59221.63074159779,20,10,371.8979493095449,9,Clothing,2
598,31.0,59739.31571331877,20,1,27.605647571549696,5,Electronics,3
599,48.0,74755.21304809573,25,4,128.73332627094732,2,Clothing,4
600,63.0,57606.70085254242,29,6,97.27138370160284,6,Groceries,1
601,41.0,70866.47830400841,13,6,373.3635470882249,2,Groceries,2
602,52.0,47041.39724376024,15,2,164.93597863506525,8,Clothing,1
603,53.0,58943.23978360585,20,4,128.85412573701495,2,Clothing,6
604,27.0,55945.96822967124,16,6,,2,Electronics,2
605,44.0,62715.95116748769,11,2,52.82986038865365,8,Groceries,6
606,44.0,49403.19064469975,18,1,147.37114280523446,9,Groceries,1
607,40.0,23137.811046651863,23,4,86.16813378324521,5,Clothing,35
608,30.0,22704.984797791487,18,5,23.063750273774975,1,Electronics,4
609,33.0,17773.56532644193,24,6,313.5619020505858,9,Electronics,5
610,52.0,84249.30022287462,15,10,89.50614476504147,9,Electronics,1
611,44.0,167690.3488061917,25,10,65.39860032210379,1,Clothing,4
612,69.0,77916.2987173129,18,10,0.11395594208089956,3,Electronics,5
613,56.0,80002.10409826048,24,7,7.749098717741646,8,Clothing,25
614,64.0,57596.90168919612,19,6,,3,Groceries,1
615,,39140.18257440688,16,4,79.95535028357457,5,Clothing,5
616,65.0,50555.308820744285,22,10,240.21381685961134,7,Clothing,4
617,58.0,41001.45613165129,23,2,91.91755258841992,3,Groceries,2
618,18.0,63116.00728369428,12,10,,5,Groceries,4
619,,54005.16805436363,24,3,176.94204470852264,2,Clothing,4
620,29.0,61310.100544918765,20,5,86.3311372410704,9,Groceries,0
621,31.0,38542.03884069292,28,1,34.25198032391142,2,Electronics,4
622,25.0,66125.732286694,15,2,0.2740695676893743,6,Clothing,2
623,48.0,56462.31114162146,18,10,96.61429663916729,8,Clothing,3
624,,35327.50332554919,23,6,104.41786667696067,7,Clothing,3
625,63.0,37973.21047057638,20,3,90.47714592139864,5,Groceries,3
626,48.0,21914.209107770304,15,2,324.3061926154025,2,Electronics,5
627,33.0,32509.169002496565,27,9,20.086818670812708,8,Electronics,2
628,59.0,50307.23706113543,18,4,24.41143178472467,3,Electronics,4
629,,33933.84852984974,28,4,53.17454260419135,2,Groceries,6
630,61.0,45250.731673531394,23,8,144.19936266298075,7,Groceries,2
631,36.0,33874.9064903815,21,5,258.8534770939854,8,Clothing,0
632,25.0,36414.13948150506,24,6,1403.9463033745562,7,Electronics,2
633,46.0,52427.93028177194,21,7,62.14779301408557,8,Clothing,3
634,19.0,73241.2568587616,20,3,27.34715605225635,9,Groceries,2
635,59.0,42059.44293256,22,8,142.34962185611357,5,Groceries,3
636,,71623.88889290615,26,3,,2,Clothing,5
637,68.0,52394.570967786465,19,7,833.280352924493,9,Groceries,4
638,46.0,45079.00131012882,16,10,8.131591671709433,3,Groceries,6
639,32.0,32823.44898168407,21,3,42.36532378726271,1,Groceries,3
640,,53440.796181067395,25,1,,4,Electronics,5
641,,72175.12938026793,16,10,97.67509636262338,3,Clothing,4
642,54.0,67951.59953501233,15,5,165.21605192420876,3,Clothing,1
643,49.0,49057.490958929404,22,8,337.96893191007615,7,Groceries,2
644,47.0,59956.43732090287,18,2,219.840414970828,2,Groceries,2
645,,63462.18789120407,17,7,185.04158454178713,6,Electronics,4
646,64.0,50411.51798319091,16,4,229.02989085137116,4,Groceries,4
647,47.0,37623.03587793307,16,7,13.280244458256831,8,Electronics,3
648,68.0,110210.56565650797,20,1,,1,Electronics,1
649,51.0,47203.62975695583,24,2,187.06869018600776,9,Clothing,4
650,30.0,59504.05732126779,23,6,91.72392311186157,1,Clothing,4
651,50.0,39654.74856125228,19,8,1090.4891894829602,7,Groceries,6
652,59.0,67545.92924293764,24,5,343.6932738412795,2,Clothing,3
653,34.0,39565.842347389655,15,2,522.0353299043627,1,Clothing,10
654,20.0,34616.15734973203,16,9,39.80321768791045,4,Electronics,3
655,26.0,27044.22908620794,15,3,196.02205784514874,6,Electronics,6
656,,50574.74017827752,15,5,5.654673327137113,6,Groceries,2
657,28.0,45139.06877551913,21,2,265.7125309545015,3,Electronics,3
658,66.0,52630.16408876966,25,9,8.627779506991695,2,Clothing,4
659,44.0,81903.53524673333,24,1,224.22038408280534,8,Clothing,2
660,45.0,72189.11313673167,14,4,47.74507531277227,3,Clothing,7
661,19.0,46339.78144986085,22,3,178.90143926493664,2,Electronics,2
662,18.0,145556.72611010948,19,3,64.58578500669286,5,Groceries,2
663,23.0,38934.15036990174,13,2,4.5315137681670885,4,Clothing,4
664,42.0,50312.3090184021,19,5,231.3778025930444,8,Clothing,5
665,,42810.540063951536,24,8,119.0804095946695,3,Clothing,7
666,33.0,45760.87788589105,19,10,257.6380992809255,6,Electronics,2
667,,36582.97587488547,19,8,11.586106734910063,9,Clothing,1
668,64.0,40567.10265169063,23,7,151.09109795549332,8,Clothing,6
669,55.0,39898.03406089633,28,7,11.158870139178942,9,Electronics,4
670,61.0,64811.26270465212,13,4,31.06124676523705,4,Groceries,1
671,37.0,53595.240070989326,22,9,,4,Clothing,5
672,42.0,51106.87986333405,27,1,51.92839388938286,7,Clothing,5
673,24.0,60384.94905935545,18,5,19.59391638574867,4,Clothing,5
674,38.0,61910.82631162503,25,5,30.585652926030743,9,Groceries,6
675,24.0,25915.97982203208,21,1,91.4937827330377,2,Clothing,3
676,46.0,69929.53257562376,22,5,371.3542008233662,4,Groceries,2
677,69.0,32816.373215000836,22,3,178.29159494413534,4,Groceries,4
678,,54243.769277996325,20,3,943.137957957711,7,Electronics,1
679,20.0,48449.130154166916,17,4,59.4708316956175,5,Groceries,2
680,46.0,43315.7604119683,21,10,196.88224276121036,4,Clothing,2
681,46.0,46996.611045485915,25,9,458.34404794570787,5,Electronics,3
682,56.0,47008.61144533368,16,7,152.69482720146854,3,Electronics,5
683,55.0,30256.383122519645,14,3,409.1766833212768,3,Groceries,0
684,23.0,48767.351366326555,24,8,49.191799749907226,3,Electronics,7
685,63.0,55048.01353088474,23,2,681.8057938064941,5,Clothing,4
686,27.0,29837.160459702485,25,6,16.609482645631367,6,Clothing,2
687,54.0,76500.71353875683,23,5,286.349043573128,3,Groceries,3
688,31.0,44783.2809392803,24,9,45.058878614844225,8,Groceries,1
689,39.0,21503.539802338102,9,10,24.86058171950884,8,Clothing,1
690,49.0,44535.65826642855,29,9,163.75384137482695,7,Electronics,0
691,35.0,45670.446380345165,25,4,76.25860890795657,8,Clothing,5
692,53.0,83861.34810272211,22,7,50.33945921747296,5,Groceries,2
693,63.0,48165.0064966264,22,6,115.65083308050352,4,Clothing,5
694,69.0,53159.21979817031,24,4,891.7199124258208,1,Groceries,3
695,26.0,38432.34367458733,14,7,200.30304586946076,3,Electronics,2
696,43.0,72375.36384665432,24,4,,7,Clothing,4
697,39.0,42467.9246918192,9,2,,3,Groceries,6
698,,55221.84618200143,26,10,65.46946971707693,2,Electronics,0
699,55.0,104439.34731949138,28,9,254.34444120425565,8,Clothing,1
700,40.0,69615.58283444494,17,3,61.12381377641548,4,Clothing,2
701,34.0,131008.92575888857,21,4,297.71543282758824,9,Clothing,4
702,,95527.83403213756,22,6,619.6679728214241,1,Electronics,2
703,,49112.17195544609,22,8,170.05699935763855,5,Groceries,0
704,55.0,69999.90798220516,16,3,122.8283403141087,4,Groceries,1
705,19.0,51687.42563896442,23,4,55.636998522569726,3,Groceries,2
706,23.0,56089.94112776237,20,4,188.02819958410475,6,Electronics,2
707,24.0,67617.28438549177,18,10,414.8471019100667,3,Groceries,6
708,,54815.03495809475,26,6,,3,Groceries,4
709,44.0,43391.052844635524,25,8,263.85409034547183,2,Clothing,5
710,,23588.353604014617,15,1,423.9236408281078,1,Clothing,6
711,32.0,64226.846406414596,20,2,191.88546615363546,1,Electronics,3
712,26.0,61319.7841074651,18,8,59.79731428402842,6,Electronics,5
713,25.0,50048.12087535738,19,9,86.6109634249464,3,Clothing,4
714,63.0,36544.122882719224,22,7,276.3050072148422,6,Groceries,2
715,23.0,44635.79034120578,13,4,91.40085424832797,2,Electronics,4
716,65.0,40972.39520567936,20,7,1.621184095810942,8,Groceries,4
717,60.0,61133.17387730726,18,2,22.302165721893232,8,Clothing,3
718,21.0,61967.68202434891,16,1,67.1897783509884,3,Electronics,4
719,28.0,38123.03839327296,19,10,99.90125374410883,9,Groceries,4
720,68.0,47258.05040080384,18,4,90.61348337905653,9,Groceries,2
721,45.0,52923.44234724618,20,1,328.42086042203135,4,Clothing,1
722,43.0,56479.85481110575,22,5,50.098513949903825,3,Groceries,15
723,21.0,60076.42795784942,26,10,105.63278531642656,7,Groceries,2
724,32.0,59614.344820883955,24,4,336.6458421516403,6,Clothing,5
725,36.0,43728.69075871107,12,4,315.43023729413454,4,Clothing,1
726,23.0,67234.41165662449,21,7,45.939321712360545,8,Groceries,2
727,22.0,49224.27433579034,12,2,90.53430427811564,1,Groceries,6
728,35.0,183270.33666182388,24,7,33.994776699803786,2,Clothing,2
729,23.0,51158.67782713714,23,2,,4,Clothing,1
730,48.0,27496.480664988117,18,7,161.5739147629948,3,Clothing,6
731,42.0,88159.26466275207,22,1,76.98321140725855,1,Clothing,3
732,21.0,66437.51673884888,20,10,144.18147745768582,1,Clothing,5
733,23.0,48416.363859020625,22,7,177.3026521541429,6,Electronics,3
734,,35564.49083913259,15,5,186.3784955291011,5,Electronics,2
735,54.0,73406.80015667918,19,9,565.2492369937004,9,Clothing,4
736,67.0,48947.77448451941,19,6,53.484202782359915,6,Groceries,3
737,42.0,53195.29530877694,17,4,456.7238047303587,9,Electronics,5
738,51.0,41983.60397504435,18,5,10.534356567605887,1,Groceries,4
739,36.0,56632.59661414648,21,5,6.1707929776927735,8,Clothing,2
740,51.0,37109.05199617309,13,5,23.030116413870875,7,Groceries,1
741,32.0,64320.415623140594,17,6,206.3903493570417,3,Groceries,2
742,67.0,130327.80592850564,20,8,151.12945691865988,8,Groceries,4
743,25.0,26749.540334605168,29,9,35.37683717058881,6,Groceries,3
744,61.0,46190.68467940474,25,6,32.0114388632161,4,Electronics,3
745,64.0,35899.868642593545,22,10,150.76181669416837,6,Electronics,4
746,66.0,55154.62823390625,15,4,638.8654189855138,3,Clothing,5
747,51.0,42422.243493490896,17,3,40.357153725305764,5,Groceries,3
748,35.0,31384.318936664582,25,2,59.985889318630214,1,Clothing,1
749,47.0,43918.88821240136,20,1,25.69928469953549,8,Clothing,4
750,30.0,149869.8960182601,26,8,180.57711855166175,1,Groceries,1
751,64.0,9582.72405957379,22,2,522.8280817108781,4,Clothing,1
752,50.0,20556.881438931374,20,5,54.36571881857003,6,Groceries,1
753,52.0,22904.50130301381,17,5,127.89143213189593,2,Clothing,6
754,69.0,40920.550549277315,12,1,476.3571745872565,8,Electronics,4
755,41.0,51716.15344782434,21,8,246.39432132803756,1,Electronics,4
756,43.0,54723.83832184176,25,3,150.2767631498906,5,Groceries,1
757,64.0,51206.16203642352,18,6,203.94549097776036,9,Groceries,2
758,68.0,72245.6522686136,26,7,262.48953679421396,4,Groceries,7
759,61.0,29301.916844666284,13,5,260.74275531714244,4,Clothing,1
760,59.0,28487.704095432156,25,4,132.7087858991041,8,Clothing,3
761,64.0,55343.09702724462,21,2,66.11123249471966,9,Groceries,0
762,18.0,24217.40423003813,21,1,46.17834644266078,6,Clothing,2
763,30.0,61819.56107113903,16,10,501.71010157005514,5,Clothing,1
764,27.0,60467.26481824871,21,10,12.002384880365767,5,Clothing,3
765,36.0,71909.02246248629,23,3,82.21812245145809,6,Electronics,4
766,22.0,40539.1797529279,22,7,234.26894586010695,5,Clothing,5
767,25.0,26381.3877339527,20,8,183.29266300501638,3,Electronics,2
768,21.0,35835.837430979416,17,1,113.55631755305544,4,Clothing,1
769,66.0,60518.51032921331,17,2,66.04487683464433,8,Groceries,4
770,30.0,40841.32167608601,24,9,30.05485253044413,4,Electronics,1
771,,62738.40600619838,25,8,238.48980689512825,4,Groceries,4
772,63.0,26490.460496686766,22,9,132.2121459649043,2,Electronics,2
773,66.0,77665.43010165842,19,5,82.96699297198981,8,Electronics,3
774,63.0,37414.01855672025,22,8,93.93466670631955,7,Clothing,6
775,36.0,131959.0744630571,24,10,111.96325489083263,2,Groceries,4
776,69.0,36288.387688444476,25,7,229.80642591240778,9,Clothing,4
777,67.0,84252.67363866125,18,9,183.73260346631062,4,Groceries,5
778,25.0,58191.154639802204,20,9,14.61803210563283,7,Clothing,0
779,44.0,36176.305538994566,17,2,34.27106741482349,9,Electronics,2
780,67.0,36664.27464941578,22,10,14.633676847297508,3,Clothing,3
781,64.0,48934.622954405306,21,10,7.0405055337393385,5,Clothing,4
782,47.0,46391.38762301461,24,2,299.2262364959804,3,Groceries,4
783,21.0,50110.635122181426,25,5,380.70664471246386,7,Electronics,2
784,28.0,29965.80086694318,21,1,107.63176995243062,9,Groceries,10
785,38.0,49213.23173333197,21,10,693.729047104671,5,Electronics,4
786,60.0,54785.938531546075,16,7,398.4293375879929,3,Electronics,2
787,19.0,75741.28947757586,16,3,1181.3201752962827,8,Electronics,6
788,38.0,74176.33111701976,22,6,91.51524207755386,1,Electronics,2
789,34.0,51325.83728822331,22,8,617.3379058778029,5,Clothing,4
790,,47343.97380316269,24,3,276.40457588727486,5,Groceries,4
791,68.0,61008.403919382356,17,3,87.29595451488943,3,Groceries,7
792,46.0,63017.282453828884,18,9,,7,Clothing,4
793,44.0,47738.88616416168,21,7,0.8241557446824057,5,Clothing,6
794,41.0,32680.86453358686,15,1,169.53540569494643,9,Electronics,3
795,66.0,25784.578274418447,17,3,146.86584506234814,1,Clothing,1
796,20.0,28201.022483254597,19,4,17.06581831716815,5,Clothing,1
797,56.0,34677.7445569316,26,2,396.6176386914396,2,Electronics,2
798,,61064.51163090144,25,6,,7,Groceries,3
799,20.0,54799.98142667352,29,6,94.4332185620978,8,Electronics,2
800,62.0,199170.95012603048,23,3,128.92985541105602,7,Clothing,2
801,59.0,38084.63157850588,24,2,339.5826143796773,5,Clothing,7
802,43.0,61005.80387058968,17,9,180.7430426286725,2,Groceries,3
803,54.0,60053.27288225586,26,6,166.0029766806146,5,Electronics,3
804,44.0,57520.24465180891,20,3,90.00179652453303,9,Groceries,2
805,22.0,43158.126482699714,17,3,65.61324140037433,6,Clothing,4
806,59.0,50608.29004066422,26,2,130.06360940219014,3,Groceries,1
807,28.0,63831.725742595256,20,1,59.07123048000494,1,Groceries,1
808,30.0,24196.775562355066,22,10,82.95509453258842,7,Electronics,3
809,58.0,51632.0933259306,30,7,,7,Clothing,2
810,51.0,42241.56784007739,13,8,370.94095845983327,3,Groceries,3
811,55.0,15371.762815467839,14,4,533.3162594046461,3,Electronics,3
812,57.0,65186.85233716545,15,2,354.08732849356113,7,Groceries,4
813,50.0,59970.559537899906,27,9,149.18292899757904,2,Clothing,4
814,51.0,50871.33321231627,18,9,,8,Clothing,2
815,44.0,35242.724036088024,14,6,81.65639712019903,6,Electronics,2
816,53.0,48551.88079548998,20,1,122.9400127452913,9,Electronics,5
817,43.0,49249.00371635137,20,2,564.321027727071,9,Groceries,4
818,,57270.76776833841,18,10,87.68470782736777,4,Clothing,1
819,42.0,58424.91710095353,14,5,37.9866530387036,5,Groceries,3
820,36.0,64643.81599561038,19,2,127.76742988720213,8,Clothing,2
821,38.0,53850.5248719716,21,2,211.4508599876385,5,Electronics,2
822,48.0,49248.01781990276,14,5,27.052694890166613,6,Groceries,4
823,46.0,68204.42054036862,25,1,26.044840607114487,3,Groceries,3
824,26.0,61110.62808048118,24,4,72.39346792378699,7,Electronics,3
825,,50918.0796761551,14,10,476.4319683985211,9,Groceries,1
826,43.0,45977.49538238429,18,8,224.54238378212614,6,Groceries,3
827,42.0,59478.75697853792,20,7,50.18882529653014,7,Clothing,2
828,57.0,43241.2950909004,17,4,185.00957308815288,6,Clothing,3
829,60.0,47708.18308670774,18,5,215.90306076869518,4,Groceries,3
830,46.0,57929.68321657884,26,2,148.07068551902898,5,Clothing,4
831,42.0,58847.33670598036,25,4,284.909315850241,6,Groceries,4
832,,53741.07224623668,12,9,5.010027974253889,3,Groceries,1
833,21.0,49488.64697344891,32,2,42.42025522727429,8,Groceries,6
834,62.0,36250.82631652415,18,2,678.4777251352186,7,Groceries,0
835,37.0,59446.919741176884,21,8,137.7274737159942,3,Clothing,3
836,63.0,67862.90985252408,20,7,15.92010074395494,4,Clothing,3
837,18.0,57716.35788875715,24,10,73.68580500582097,9,Clothing,1
838,,52021.68847917269,14,9,1.0643752248886722,9,Clothing,2
839,,68355.31580408032,22,4,173.22137543312175,4,Electronics,3
840,24.0,55939.94526739247,26,9,1511.6644405683899,1,Clothing,3
841,45.0,89240.99388371722,21,5,178.36816512304884,9,Clothing,4
842,53.0,46176.72639700303,18,9,188.3591108609343,7,Clothing,2
843,,41062.00468154117,22,3,79.41803897857332,8,Groceries,4
844,37.0,51453.08792231537,22,1,54.10798067897047,5,Clothing,4
845,,30936.606703468617,25,10,141.918969798301,1,Electronics,2
846,68.0,21865.364293543542,17,6,460.0898091484211,2,Groceries,2
847,68.0,55051.637183824,16,8,1.9597914933090443,7,Clothing,4
848,56.0,26516.683604593272,25,7,168.63168099950877,3,Clothing,2
849,38.0,78309.78164497766,27,2,111.90203364728737,5,Groceries,5
850,61.0,39068.609365915225,20,7,194.138457746942,5,Electronics,5
851,,53015.386405758574,25,7,366.4638323905057,1,Clothing,7
852,54.0,38802.55673745948,28,2,119.22003384843862,3,Electronics,2
853,63.0,69490.90911220707,17,5,49.0989941178371,1,Clothing,4
854,59.0,40381.96094553752,14,5,94.51562389869733,4,Electronics,3
855,20.0,42194.29934434303,19,9,32.633562501446235,6,Clothing,5
856,51.0,44767.55348090353,18,6,17.74421427381019,7,Electronics,2
857,30.0,49803.87982043217,21,4,94.28135444713267,5,Electronics,4
858,33.0,105838.01791429029,20,4,196.53875782865939,8,Electronics,4
859,51.0,28240.645907227045,21,3,60.988797434487715,6,Groceries,1
860,41.0,54802.35088203696,18,5,494.6371049948144,7,Groceries,6
861,30.0,76202.16655450736,14,9,233.5611571327322,8,Electronics,6
862,23.0,56109.86952277433,28,4,231.87220999036668,8,Clothing,10
863,56.0,54667.70814528866,17,2,235.34332066478584,5,Clothing,4
864,,54496.42226946491,15,7,0.3371837181745549,1,Groceries,5
865,28.0,58874.451538624184,19,1,335.33655546064597,5,Clothing,5
866,,47523.02824314772,16,4,499.25491111994234,8,Clothing,5
867,24.0,126381.86022091248,24,5,3.9177187227665367,7,Electronics,1
868,56.0,64087.656632321305,16,6,182.40695545476692,4,Clothing,2
869,,26168.793306676744,15,7,225.75808246869946,8,Electronics,3
870,29.0,74406.38490008304,16,7,43.69155458555323,4,Electronics,5
871,68.0,46721.69011165311,23,10,364.2927774813405,9,Electronics,3
872,39.0,106945.284213885,15,7,196.6097638396456,4,Electronics,3
873,68.0,51228.78341435059,29,4,50.992662902897976,5,Clothing,4
874,68.0,68273.58785571213,20,4,683.4050978785757,9,Electronics,2
875,69.0,25830.13398893285,24,6,145.9049257314419,9,Clothing,4
876,20.0,68697.83937657962,16,10,227.00617780809847,2,Clothing,5
877,30.0,54058.602110067106,17,10,128.44890846048392,3,Clothing,1
878,47.0,31213.52697690793,17,10,256.9533084164401,6,Electronics,2
879,27.0,58712.533317789654,21,2,20.574749583766327,6,Groceries,1
880,69.0,50989.00736753045,28,6,609.595754033017,9,Electronics,3
881,26.0,49179.52469134229,18,8,45.754128449165364,8,Clothing,3
882,23.0,51347.06677458645,21,4,49.7907420548121,6,Electronics,2
883,61.0,44601.37140090877,17,1,161.50006198664616,6,Clothing,3
884,19.0,32669.242580446386,18,3,86.07452726016574,7,Groceries,2
885,61.0,20798.00062485902,16,6,116.72575103478076,7,Electronics,4
886,33.0,42190.3029853661,17,5,7.560830667069528,2,Groceries,2
887,30.0,23424.532624507192,23,9,53.545680907497214,9,Groceries,5
888,65.0,39655.45943281165,27,1,297.0313111059688,8,Groceries,3
889,,41426.50871907215,26,2,464.99713261657394,6,Electronics,2
890,39.0,50470.130139337474,24,8,53.17823049028777,6,Clothing,0
891,36.0,33285.29330054768,14,1,296.86877765154543,6,Groceries,3
892,43.0,54380.480148793205,23,2,5.874782641274816,2,Electronics,1
893,31.0,50532.733509051766,25,8,9.151053637702677,3,Clothing,2
894,48.0,51742.99797041466,18,8,99.84833496724347,3,Groceries,3
895,46.0,190459.23213400727,19,7,32.012893709341675,9,Groceries,4
896,62.0,38233.90860278951,16,6,36.3376079761208,1,Clothing,4
897,59.0,54005.27879773045,13,1,197.4483671842287,2,Clothing,2
898,39.0,39923.360103742976,22,7,390.6171428116128,3,Groceries,3
899,,18672.491645825132,17,3,905.6666167066205,2,Clothing,5
900,54.0,75457.62832719876,19,10,82.04341869270989,6,Groceries,4
901,66.0,91355.59533061013,18,3,416.2341544249284,8,Electronics,2
902,58.0,85016.14821602742,15,10,368.205809320796,2,Groceries,1
903,44.0,45475.43825543531,21,3,148.55645298079187,6,Clothing,3
904,48.0,16444.85450095745,21,5,129.20542019925998,3,Groceries,3
905,23.0,77983.99156255607,16,10,12.048203045209869,9,Groceries,3
906,33.0,44205.570674283284,17,6,32.627369875702115,8,Clothing,3
907,55.0,15230.814232467928,19,7,17.8565799770674,7,Electronics,3
908,55.0,51670.982007211336,23,6,149.63580759728154,5,Electronics,2
909,67.0,58723.79160659031,31,3,225.79687497862312,1,Groceries,3
910,49.0,30389.61837005882,18,6,192.87678328266176,7,Clothing,4
911,50.0,62711.83920053368,25,6,412.53300141202135,2,Groceries,3
912,66.0,32794.80315613166,18,7,215.0000933139321,6,Electronics,3
913,34.0,60093.78395419097,27,7,,4,Clothing,1
914,50.0,67700.02898336368,16,2,30.263482531595304,4,Groceries,5
915,28.0,73806.26270631031,19,9,37.66343684705025,2,Electronics,2
916,30.0,38414.06524421979,18,2,501.2152981127639,5,Groceries,2
917,47.0,35468.924924398554,18,6,87.60944191493412,3,Groceries,4
918,,34041.649923287245,17,4,48.924201591042106,7,Groceries,6
919,47.0,28531.492478550692,19,3,486.2411077681939,6,Electronics,7
920,44.0,22000.985697901957,16,1,702.0096254774725,6,Groceries,3
921,57.0,18028.042212879827,17,1,203.09498642877847,3,Clothing,3
922,40.0,64335.02542771466,14,10,98.31528387397772,1,Electronics,3
923,37.0,55517.368068710835,19,10,233.19785032971683,7,Groceries,3
924,23.0,64753.66439573955,21,4,3.1360341499390496,7,Groceries,7
925,,46557.4796250898,18,1,31.263471992611557,5,Electronics,1
926,37.0,60655.37298162162,29,2,91.99939476562089,2,Electronics,8
927,54.0,56396.68346594636,21,6,357.02570223682153,1,Groceries,10
928,,71975.59189511169,20,7,72.57192203023476,6,Groceries,2
929,46.0,178864.44280452607,23,2,11.922803526418537,2,Groceries,4
930,30.0,67701.8781932538,18,5,95.1995993914197,8,Electronics,1
931,44.0,58207.75464974472,14,7,55.217681883315215,4,Groceries,8
932,67.0,49376.59062432342,14,5,11.538521714293232,4,Electronics,5
933,37.0,54045.983570950164,18,2,101.80686500241836,5,Electronics,6
934,30.0,53441.83466148285,21,1,86.59441347348934,6,Electronics,5
935,56.0,60783.8923538441,14,2,264.7315151315783,4,Groceries,6
936,25.0,29684.371190402537,16,1,13.058122637190053,9,Clothing,2
937,34.0,83416.89569163982,22,3,95.30237519422087,2,Electronics,4
938,47.0,37026.54568865274,15,8,83.84188281115097,9,Clothing,5
939,18.0,71677.75776535705,25,3,208.1563509464268,7,Groceries,5
940,41.0,56473.913358897094,21,3,437.709851275641,2,Clothing,0
941,33.0,80890.33359459028,22,4,30.861089390402004,4,Electronics,4
942,,76566.94935422638,30,2,338.83991137578977,1,Electronics,3
943,21.0,29358.64557616362,21,7,188.17991350480642,4,Groceries,3
944,21.0,56727.38622218021,20,5,5.935756854699221,7,Groceries,2
945,34.0,83493.33499090072,21,4,291.24783353887096,5,Clothing,1
946,66.0,40939.330342936046,17,4,154.3030725215845,9,Clothing,3
947,27.0,37361.854885622626,17,5,321.8164197287918,8,Clothing,2
948,38.0,119587.5227342089,17,3,105.14319837308585,1,Electronics,3
949,55.0,25869.33622311637,21,6,219.02535031608537,6,Clothing,2
950,66.0,45007.679468375485,24,7,44.32998481257688,3,Electronics,4
951,35.0,37176.30679215564,13,2,42.600176194860865,7,Groceries,35
952,27.0,41612.076870950244,22,5,83.1826222179744,6,Groceries,4
953,62.0,50342.823336191104,22,1,146.56084841219368,7,Clothing,0
954,33.0,35955.442512820744,17,7,,2,Electronics,2
955,56.0,46941.84475183519,17,1,219.80536858016518,5,Clothing,6
956,32.0,66877.83568873597,23,6,1033.3777572654117,6,Groceries,2
957,51.0,58430.815371318786,22,9,111.16352255279413,7,Groceries,1
958,22.0,134466.93321575184,27,9,487.2901756090621,9,Electronics,3
959,34.0,50171.090425899594,27,3,23.119822353581327,4,Groceries,1
960,54.0,62425.471541380946,12,9,41.454854607553834,2,Electronics,1
961,25.0,42526.92915448816,16,5,230.2239430937364,1,Electronics,2
962,41.0,52694.81624034025,22,10,58.545001356057305,2,Groceries,5
963,45.0,33290.56668676492,17,3,35.9666620984191,2,Electronics,2
964,64.0,25989.650106357378,22,6,435.1794665710988,7,Groceries,2
965,25.0,68008.3023242248,16,9,14.170529920999464,7,Groceries,2
966,40.0,50282.6908687835,22,9,952.8591508487365,8,Electronics,4
967,52.0,44370.78490184871,22,5,396.956222030671,6,Electronics,2
968,48.0,34207.056415554034,22,7,405.3815793445386,4,Clothing,4
969,34.0,86943.6173867867,20,2,198.15601979766274,2,Groceries,15
970,45.0,54149.64823389254,25,5,50.94120947953748,2,Electronics,0
971,65.0,56608.97483050917,21,5,319.98818510992805,1,Electronics,0
972,65.0,38027.12453467126,19,7,11.06038261896573,9,Groceries,3
973,68.0,46376.20251485493,20,4,174.5099658776941,4,Groceries,7
974,29.0,55125.57280201213,21,3,115.66379371326738,2,Clothing,2
975,,53941.6697864352,21,6,277.58460291505395,6,Clothing,3
976,32.0,50321.00194247691,18,7,4.811030262598858,1,Groceries,3
977,,39148.08527697473,18,3,97.80809838583396,3,Clothing,3
978,48.0,53845.328823602846,16,4,129.67086625237582,2,Clothing,3
979,44.0,50670.967868072665,23,8,33.05966957806831,5,Groceries,2
980,52.0,73294.41254105729,20,9,107.13304658297696,5,Groceries,2
981,35.0,50588.74622983303,18,2,482.653473405051,2,Electronics,7
982,53.0,34925.38255424208,22,7,126.46093031199759,1,Groceries,5
983,25.0,42805.19479255397,27,9,174.03187078929585,1,Clothing,7
984,63.0,54796.55374271918,18,6,152.00063636979985,3,Groceries,3
985,66.0,40007.50508389455,20,5,,5,Electronics,1
986,,46560.46706611366,20,3,69.70409720705047,9,Groceries,3
987,22.0,46207.30470859811,19,2,306.15930648496004,2,Groceries,4
988,31.0,27305.915940289557,13,5,205.39655936220603,7,Clothing,3
989,55.0,179427.61889815517,25,9,4.85543435505228,4,Electronics,2
990,37.0,65344.03735947105,14,8,168.73634735248137,3,Clothing,1
991,61.0,53132.08669977995,28,3,49.011401481642174,3,Electronics,2
992,26.0,50563.46393632572,17,6,743.8662133859285,9,Clothing,2
993,50.0,62755.77543070801,26,3,306.20576524194115,8,Clothing,8
994,35.0,48884.479778793335,13,2,27.372093966492056,7,Clothing,4
995,23.0,37526.43147397781,19,5,97.40413716486299,9,Electronics,1
996,54.0,22283.542413436513,13,3,134.6570017934578,9,Clothing,2
997,19.0,73138.88409998476,21,2,40.269492699474206,9,Electronics,5
998,47.0,25448.101592249317,27,4,243.67104983268396,7,Clothing,3
999,23.0,56828.44380735938,14,8,368.2472117253837,1,Electronics,2
1000,34.0,173419.59065039418,13,1,0.8949182917852291,7,Electronics,2
