Size,Rooms,Age,Location,Bathrooms,Condition,School_Rating,Transport_Access,Noise_Feature_1,Noise_Feature_2,Price
1748.3570765056163,4,30.22841471550764,Rural,2,1,7,8,-0.032628501909356664,43,334127.957743415
1430.8678494144076,7,18.09553814070783,Suburban,1,1,4,5,-2.4621591233850464,86,280945.27725426556
1823.8442690503462,7,14.259174229127304,Rural,2,4,5,10,-0.5356871181435665,96,405412.8649241318
2261.514928204013,2,17.188745151119136,Rural,5,5,9,10,0.4746536457573453,1,333851.1815538692
1382.923312638332,5,25.79346759756776,Rural,1,1,6,6,-0.5108576756023839,90,313802.77459578105
1382.9315215254096,6,34.12026878543249,Urban,1,1,10,8,1.4271502479634401,58,307689.6868110751
2289.6064077536957,5,13.718562608308217,Urban,2,3,4,1,0.07153816245060336,85,450540.58534002147
1883.7173645764544,2,20.989337870288836,Urban,2,1,8,6,1.0785951161118734,97,369512.70105509413
1265.262807032524,7,23.383574419359597,Rural,1,3,9,6,0.20490085797712446,15,217692.50033146478
1771.2800217929823,9,10.07421993271177,Urban,1,1,10,5,-0.27598214310674973,19,333537.9174421212
1268.291153593769,6,20.20417167212918,Urban,3,1,5,4,-0.4713265035703927,25,265103.0034380283
1267.1351232148716,5,5.3432614265790495,Urban,1,5,2,1,-1.012154038322279,15,383137.59885305964
1620.981135783017,6,2.309496962606012,Rural,1,5,6,10,1.0966131834620525,69,319594.9446919941
543.359877671101,5,23.66746407892257,Rural,1,1,8,8,-0.42801193205420235,22,273208.752955372
637.5410837434836,5,16.16125258669217,Rural,2,4,5,6,0.5222968416165916,41,403232.63707412465
1218.8562353795137,5,22.02280407621219,Urban,2,4,1,3,-0.5257449832680463,36,370758.8096592192
993.5844398327881,4,19.821050229916498,Suburban,2,1,8,3,-1.0830289045923183,71,271628.8243598016
1657.1236662976369,8,10.235999513362026,Urban,1,4,9,6,0.5551408106255694,5,413872.60445265815
1045.9879622393946,4,19.547456980356635,Urban,3,1,1,7,-0.7467038962808958,36,296860.3633710629
793.8481493323543,5,7.668986949851448,Rural,4,5,8,8,-0.4004872448671374,21,373150.919245565
2232.824384460777,3,33.909723580014,Rural,1,2,10,5,-1.2486884854285891,5,357114.89680807205
1387.1118497567322,7,6.440296551400362,Urban,5,3,2,10,-0.4931232515794686,31,314913.92167719663
1533.764102343962,2,18.042147290314187,Urban,2,4,4,6,0.024107168287894772,16,305972.63082711573
787.6259068932716,5,9.577284119527516,Suburban,1,4,2,1,-0.28749098012453,37,344185.414304914
1227.8086377374086,10,25.704211733607956,Suburban,3,5,2,6,0.8182266164596151,16,381337.2834689244
1555.461294854933,7,16.68568628718497,Rural,2,4,10,9,0.1455207430655127,36,379707.4006025335
924.5032112888485,7,14.813332803787898,Suburban,1,1,3,10,3.0873138111123435,22,309779.7942641752
1687.849009172836,10,28.532015450515544,Suburban,2,1,8,4,0.42425058766885315,48,265993.24659796513
1199.6806550405975,1,20.29430591677552,Rural,1,2,4,10,-1.735487535167645,60,307722.1869613145
1354.1531251033616,5,25.166444459359674,Suburban,4,2,7,1,-0.21288241591064475,48,279939.5428837914
1199.1466938853016,3,10.186740634825352,Urban,3,2,10,9,-0.12624814774958787,60,418199.0612221981
2426.139092254469,8,5.951830560724931,Suburban,3,1,3,4,-0.6136312383802843,76,395430.9311789438
1493.2513876310331,7,21.072079620401336,Rural,5,2,10,2,0.07261083423621893,31,368609.4952541177
971.1445355220499,3,16.81153644505269,Urban,1,2,3,1,-0.6433970622003758,85,314562.87136057916
1911.2724560515944,1,26.264346724539443,Suburban,3,1,2,3,0.33281979894319524,62,390783.5509359303
889.5781750144889,5,19.200915473374504,Urban,3,5,6,7,-1.9086877127708235,6,361186.69442426827
1604.4317975023778,3,22.050753392346298,Urban,5,4,6,10,1.1441584717919149,21,474593.57262959564
520.1649380601123,6,3.766174700587566,Suburban,2,3,1,2,-1.5782903761504106,84,299445.7978715017
835.9069755507848,3,38.88436939614257,Suburban,1,1,7,9,-0.26355555201653547,5,355066.26111685677
1598.4306179345617,4,18.35758014967968,Rural,2,1,4,2,-0.732706789097174,60,375459.80301178066
1869.2332899977052,5,26.97586970339199,Rural,4,3,3,5,0.3059200710474129,13,337579.6116412634
1585.6841405949854,8,11.639083297803735,Urban,1,3,8,8,-0.1832411107353288,15,342307.9227953443
1442.1758588058797,7,23.08009902217341,Rural,4,2,2,10,0.2516506656796395,2,372573.8154175968
1349.4481522053557,5,6.971552364752547,Urban,2,3,9,8,1.1111924114542773,8,345670.7435978516
760.7390048162863,4,24.52067838259671,Urban,1,4,8,3,0.7686154376669616,46,318763.04053888744
1140.0778958026458,6,16.44025915614167,Rural,2,4,8,2,0.036307341741559356,84,373795.9151038348
1269.6806145201062,8,20.291905039355676,Rural,2,4,3,9,0.4595077666386616,93,467957.2441451163
2028.561113109458,4,26.979740301300975,Rural,2,4,4,3,1.9600075188155925,93,376072.5369384665
1671.8091447842307,3,7.674596887797199,Suburban,3,4,2,8,0.8042382946826748,41,319507.18874716386
618.479922318633,2,13.15508269387203,Urban,4,2,2,2,-0.2935379342872174,41,337668.37854527263
1662.0419846973975,3,24.573242810867654,Urban,2,1,4,3,1.2778643373901297,95,334327.3895785453
1307.4588597918419,9,40.98221474546747,Urban,1,3,6,1,0.3913103208194433,22,419071.1299655591
1161.5389998470207,5,18.619176653385182,Rural,2,1,5,6,-0.9627748512670647,2,314602.12548034475
1805.838144420434,4,25.911361179239325,Rural,2,3,1,7,-0.18072229018177993,0,365300.3993987623
2015.4997612479756,7,18.9302853014152,Rural,1,2,10,4,-1.4722573634829728,66,412990.39824594324
1965.6400595580992,8,39.422455947562995,Rural,1,2,1,1,-2.2850201039320615,70,383424.5841375416
1080.3912383886807,4,2.527783330347443,Rural,1,5,6,3,-0.9490402912155661,2,421001.40410020674
1345.3938120743928,4,20.94621044669358,Suburban,1,5,3,9,0.12258106868047293,99,379697.6606286387
1665.631715701782,8,3.7445596643793913,Rural,2,2,3,5,0.12550887448218748,48,496684.3632437148
1987.7725635611796,5,0.0,Urban,1,2,7,6,-1.411575685125063,66,421863.25316363043
1260.412881077355,5,22.974620531178164,Rural,2,3,1,4,-2.3787619272587017,54,405001.2017254112
1407.1705116680914,6,21.394977961474588,Urban,4,2,1,1,1.4707624743207173,3,325500.9990739657
946.8325129969859,7,17.151630622577986,Rural,4,1,10,5,0.0952931191602342,30,428931.17467148305
901.8966879596646,2,18.93805909960247,Rural,2,3,3,5,1.5557119779162487,65,308771.97266840225
1906.2629111970991,1,50.98299434071258,Urban,2,2,8,5,1.4985910968357032,77,418631.81978578423
2178.1200142854113,7,17.418248619685656,Urban,2,3,1,6,0.7347096675729954,63,436083.6887403022
1463.994939209833,5,25.10124361250075,Urban,1,3,10,2,0.05914358169179254,30,351431.9762765252
2001.7664489460121,4,13.50635180386119,Urban,1,4,4,1,-0.3976508141954396,62,461365.5294635503
1680.818012523817,4,22.952325750406033,Suburban,1,5,9,2,0.7185965232500373,65,360489.15523674764
1177.4401226974378,3,17.617663249443826,Urban,1,3,4,10,-0.15985786583573805,30,409673.63280619273
1680.697802754207,8,15.8948151727027,Rural,1,3,10,6,-0.5896192625604866,46,387042.54292124667
2269.0182832329847,7,38.18898532200325,Rural,3,4,8,5,-2.0979046842888645,21,356401.1056882966
1482.0869804450242,1,31.771849631843388,Suburban,2,2,7,5,-0.08310530841660531,73,358345.89963691845
2282.3218279070034,2,21.367466473992305,Urban,2,3,3,6,1.09667088749613,93,394453.80641571974
300.0,4,0.0,Rural,3,4,7,10,1.259316579895051,96,292874.16919238796
1910.951252187612,6,16.389907767474302,Suburban,1,1,7,7,0.05327871056486983,82,390806.945847458
1543.5235341190855,4,47.03027564405083,Rural,5,4,10,9,-0.8887103506067264,45,350330.23632061714
1350.4963247670662,6,17.693383333602917,Suburban,2,5,3,7,0.9027438555188002,88,227104.68756378297
1545.8803882677512,8,31.032175720536582,Suburban,4,5,2,2,-0.015365447646741267,57,371330.02296462894
506.21554269955357,7,34.419424019526005,Urban,2,2,9,6,-0.36567533472660846,60,327946.5929500389
1390.164056081244,5,22.18963915855975,Suburban,1,2,1,9,-1.4559149194658056,45,419900.8507653475
1678.5562857558732,2,11.581783681318477,Rural,3,5,7,7,2.103761476945794,0,310545.99947543064
2238.947022370758,1,0.0,Rural,1,5,4,2,0.7383984490605373,95,361072.15282418544
1240.8648908631762,7,26.841632086089547,Urban,1,3,2,3,0.8462485085725001,24,345665.2706721114
1095.7531985534063,4,11.852439971764518,Urban,2,5,2,8,-0.8628092636081056,60,307288.92252677673
1249.1214782077318,1,21.761504518876922,Suburban,1,2,8,9,0.07974966748849803,80,281206.63215130393
1957.701058851037,6,7.501796604106358,Urban,3,5,7,4,-0.08149386595949229,13,369712.9745695245
1664.3755548298423,5,17.34762459529798,Rural,2,2,7,9,0.7820946110195612,44,347880.14796105016
1235.1198981164807,8,20.337190549010533,Rural,4,1,5,2,1.3597184561448057,76,290636.32311708585
1756.633716556678,5,22.685935810442977,Urban,1,5,10,5,-1.4342155973569695,38,314029.72660837165
1548.5387746740203,4,8.851778126475857,Urban,2,2,8,2,-1.0746775979831065,65,362509.22126675025
1984.3224952664445,10,31.969109487613522,Urban,2,4,2,1,0.6457378503779051,31,294815.63565122866
1148.9734530613239,7,14.031052152680287,Suburban,2,3,2,5,-0.5080293594424473,95,270181.7265495113
1336.1689267011159,4,3.2553053954675484,Suburban,3,2,5,2,0.8148741178747696,57,367128.58352186094
1303.9459234339213,8,18.909765800365363,Rural,3,5,1,7,-0.37305934438201005,55,421569.6890507296
768.2425259339407,5,20.343753090264602,Suburban,1,5,6,8,-1.2487746306749965,5,354720.43995037815
1648.060138532288,5,21.605894331717597,Suburban,2,1,4,2,-1.7593494887836287,88,421928.04462117096
1630.5276360899447,5,33.621324036850794,Suburban,2,4,6,7,0.48412792003922966,66,257652.04451089236
1502.5567283212304,2,17.635511632641407,Suburban,3,2,7,4,0.5086505435474191,81,287062.2865337819
1382.7064333124265,3,18.803803756312288,Rural,3,4,3,1,0.9702157422712177,49,350864.02707629517
792.3146289747929,4,8.968156187669065,Urban,1,1,8,3,0.32787360631045837,37,372458.6770422148
1289.6773386173204,9,28.20553502887897,Rural,1,3,7,1,-3.7574353212591856,2,368180.52552682196
1328.6427417366153,1,21.843090640781035,Suburban,2,4,1,5,0.5034341078469109,4,277380.7896670227
1098.8613653891905,5,15.799722727058374,Urban,1,1,6,8,-1.4574574645085605,23,395928.69679122407
1419.3571441669953,5,0.9532530653453648,Urban,2,2,7,1,-1.8677179981596814,53,365947.16854744504
1702.0254284072691,5,34.44412195055087,Urban,5,3,4,9,-1.9881546189214958,33,389543.5360879386
2443.0929506052653,5,7.7232003554394275,Rural,4,5,2,3,-2.080187972641872,38,384177.56929833273
1587.2889064159194,4,14.087219906302943,Urban,3,1,10,5,0.2789781019156488,87,288090.34104848665
1628.7751953613822,9,23.58344511076003,Rural,4,5,9,9,-0.7311842409140402,99,400147.57239363546
1462.7770421169164,6,8.034420713833136,Rural,1,3,7,5,-1.519105291242564,91,388586.7756820289
540.6143923504793,2,5.064902217468566,Suburban,1,1,1,9,0.023082555702404917,47,259684.59992073989
1486.7430622753916,6,0.0,Suburban,1,1,8,10,-1.1059332245799558,48,340928.5172541919
1530.1151049705131,6,27.20996952905636,Urban,1,3,3,8,0.9810709238787138,33,383600.1420251792
2731.621056242643,6,14.54813755273678,Urban,2,2,4,7,1.4502193738337088,79,432334.6956647158
1403.8195176094387,5,49.2727009247333,Suburban,1,1,5,1,-0.21760223577931304,99,346002.8835212459
1650.7736711668063,2,10.056449343691266,Rural,1,3,1,4,1.377274386508468,6,346264.5647542788
1482.6441151473784,5,10.785489765710787,Rural,1,4,6,9,1.3755907606524072,17,434503.06174673716
915.660981190234,3,14.346070297145985,Suburban,3,5,10,10,0.08460774371294438,69,325879.4562541466
2071.4114072575103,3,22.43134655138489,Rural,3,1,6,8,1.7334534666048018,91,262766.33815961453
1875.966516343387,3,15.297966612146887,Suburban,2,4,2,4,-0.621662005047517,33,383847.30619944347
1895.5159735215234,6,26.12332214002512,Suburban,2,1,10,1,-1.955255159091572,50,398899.6128945281
1045.3062726026305,6,10.214116100113456,Urban,1,2,6,10,-1.5543780791236008,92,356905.032855097
2201.3971554680497,4,6.184082815364189,Urban,1,3,8,4,-0.6676846546932222,67,382553.9697303655
799.0744686038596,5,2.0178526059089243,Suburban,1,1,6,3,0.534302049730166,13,240249.93724623072
1793.4285469001352,5,0.0,Urban,1,3,4,6,-1.1548228677262822,68,357172.7872443092
2595.227812904989,7,14.819309805249432,Suburban,4,1,4,5,-0.6758008534284953,88,387164.52392075286
1004.7318374346557,5,16.99019687606778,Rural,2,2,9,5,-1.249476488541901,7,300286.8449609344
1216.851135198614,3,13.685629725168166,Rural,1,2,6,2,-0.6529019851784491,14,377755.10975514224
1549.8256825438207,4,32.43405797187162,Rural,5,4,8,3,1.3427094389440943,82,328386.0739852786
1248.2621729419004,7,32.28030209608135,Rural,1,2,8,6,0.3575758908293014,58,399216.56182946835
724.6682844669336,5,16.651970125554982,Suburban,2,3,7,2,-0.5769892665921663,10,308303.4568630705
1534.2814874030137,7,2.060788868080369,Rural,3,2,3,4,1.2204711231867227,19,435447.4949087501
968.8481431369476,8,14.332948919449471,Rural,1,1,10,2,0.025665237997579016,54,344832.70820908475
1736.7962153175908,7,14.001786060829385,Rural,1,2,1,9,0.13365550105624702,35,386028.6194715453
1040.2878828830985,5,13.42865037721942,Rural,2,3,5,3,1.1427752666675521,81,304442.49915864674
2274.96720250877,8,13.022810961017552,Suburban,1,1,10,10,-0.342621129847713,13,333193.8612414705
1108.3733538318816,4,13.465371042751928,Rural,1,4,10,10,0.916240462969932,57,338286.9589383385
1338.9692418971622,6,16.1345838410224,Urban,2,4,2,6,0.844928641765585,37,435156.2125164439
1906.7586086848348,8,13.644589011844435,Urban,1,4,10,1,-0.1455449736397707,88,358758.4873519633
884.5678417830223,6,22.083225086255922,Urban,3,1,2,10,-1.3961933160458857,79,291276.64688452246
1613.7299673020648,3,23.60368715904861,Urban,1,4,7,3,0.012691764112708524,81,348486.81972820073
2153.571377141214,8,10.893549128175103,Urban,1,2,3,8,1.1372532466416827,0,485194.41693102615
696.2583827193862,4,32.71065326007033,Urban,1,1,8,5,0.8197680694754877,64,341449.1141622781
1592.316929266152,7,10.199376981593858,Suburban,3,1,9,8,1.710250391117314,0,430129.6157921052
1629.9413971242118,2,3.8219938618466287,Urban,3,1,8,2,-0.4904002065731625,84,278658.11625675776
1890.9114358886552,10,23.807780713650516,Rural,1,5,6,7,0.7793004727322356,59,329506.26362133736
881.524644560959,6,11.825918655856603,Urban,2,3,5,9,-1.006287753837945,24,292753.60470810113
839.7716934578618,4,23.21291470757388,Suburban,2,5,3,7,0.20158396064036266,90,375580.0459521318
1760.9707828084488,5,0.0,Urban,2,5,3,3,1.1054124052149825,9,421042.54052375554
1648.492336616593,6,33.924559414830675,Rural,1,5,7,7,0.9064245874010424,49,401294.6010464684
1625.2464251729382,4,26.722934080404023,Rural,2,3,5,8,0.10307304192408763,11,260759.98721286154
1673.224104748488,5,4.9952345083699825,Suburban,2,5,6,1,-0.2680521625612906,91,434182.87093719596
1159.9876392107547,6,5.212228761537144,Suburban,1,4,6,3,-0.994830991369274,31,385753.47268086957
1616.1268485805017,3,36.72265904097527,Suburban,3,1,9,5,-0.22577327271580225,32,297878.9910363406
1646.5362366493407,7,12.626200965020415,Suburban,1,1,1,6,-1.3102038415387305,71,359854.3495434876
1142.824290986816,7,11.658151512673761,Urban,4,2,8,3,-0.34319404826442146,25,300803.75415105873
2432.8872555723783,8,0.0,Urban,3,4,10,4,-1.8062232153398967,41,416813.92704812513
1736.9164604558937,4,16.492217943984457,Rural,4,3,5,5,-1.3186672280286587,49,392821.379676878
904.3482513986756,7,17.72280385164247,Suburban,3,1,6,3,0.8528059005567749,60,397705.5871258356
1828.2768043169149,3,27.154930967694852,Suburban,1,5,6,4,0.7413940915019883,40,317287.9415797027
1012.6591648863393,4,6.009215718155245,Urban,2,2,1,5,-0.28884783873196923,56,321162.9301160488
1893.542301871226,4,4.797132077593904,Suburban,2,2,3,2,0.0647687896196319,1,334733.52195193036
2079.297789503702,1,24.50962634776477,Rural,1,1,6,10,0.1988956723491754,98,417783.43319309334
1089.6588408241448,1,30.067300712270647,Rural,1,4,9,9,0.460328390011182,97,245636.5659417166
1981.688064622161,1,4.2884764888211695,Suburban,1,2,6,10,0.3533167072516935,69,403646.61986283964
1706.3904634682492,7,30.81514086299741,Rural,4,1,6,8,-1.3367758782752475,30,293214.9828328306
1911.0300799972451,5,20.375418414868214,Rural,1,4,1,6,-2.443083621848954,22,377466.68233005743
2448.396491326974,5,30.918053390746458,Urban,2,1,9,10,-1.016888549129112,75,449297.3574728138
1377.3059419985648,8,19.297796384823833,Rural,1,1,4,3,-0.15433037587971055,53,324004.36250887
1123.1319178212552,3,0.0,Suburban,1,4,2,2,0.960183669374349,27,367200.0979310322
1055.2427851872383,5,18.48032617683961,Suburban,4,4,1,7,0.2343596907289823,78,289623.5025493646
1092.0948575172808,3,30.6014381867127,Rural,1,4,3,8,0.5343765628400474,18,318381.7636674174
1461.4491452929478,5,11.062539809162857,Suburban,2,1,3,10,-0.8968816214343724,75,284114.9377970139
1670.575987408322,1,16.120350310925478,Urban,1,2,5,1,-0.07072889952100804,47,402794.2443993453
1638.3453996650096,7,18.238664964490216,Rural,3,3,1,6,0.06548485945721165,1,342905.40248974727
1913.591624518012,2,0.0,Rural,2,3,7,7,-0.7556768387288985,10,385238.128803567
1506.5009459389535,4,36.71347575437476,Rural,2,1,1,9,-1.069559905877322,43,342071.77170433814
2226.7670385786587,6,10.986243201028255,Suburban,2,1,4,3,-0.2266777770960381,58,302014.8964587028
1367.671583381022,7,25.05735432472799,Suburban,1,2,6,2,0.6612363481148585,58,308714.6015055438
2860.0845832948094,9,19.13298863851791,Rural,2,4,1,5,-0.9049514889131439,37,430633.27758888947
1812.833673882503,4,32.5761905635936,Suburban,2,1,7,10,-0.20819273278073774,24,350069.5066237544
1071.4212217918587,1,24.06056122428081,Suburban,3,5,10,1,1.3549896343416075,20,438377.77415497706
964.5537509694439,4,17.650757284790252,Rural,3,4,7,6,-0.5193413108811302,41,393512.8113163857
1741.2362076215927,6,11.064849074807197,Rural,1,1,3,9,0.007282987050419192,35,382976.7125450221
1388.2686073370746,3,27.97850701382139,Suburban,3,5,4,10,-0.105708080975688,8,290309.9667666436
1857.000247046046,4,1.265586960453831,Rural,3,2,6,9,-0.18779162815613853,11,366837.7046159347
1736.6188122867725,2,26.458904202758923,Rural,4,5,7,7,1.6684781643340088,9,393278.7810461456
1463.5855436715635,6,9.009552484451273,Rural,1,1,4,7,0.30575330903406023,58,368000.78145000193
1076.6031409657976,8,32.5228366195664,Rural,1,3,10,8,-1.5701820997373575,4,385112.5295280179
742.5763876570677,7,21.612995426626952,Suburban,1,1,9,10,1.5284198465730907,32,318950.99409242737
1276.7425239664894,2,26.44123767850109,Rural,1,3,9,2,0.2748134611974878,68,343187.5955675536
1928.1993971617362,6,20.819888138247194,Urban,1,2,9,6,-0.37357436365296853,79,456800.6898904613
1607.046872065102,9,2.4762290485900316,Rural,2,2,10,5,1.3494425056388255,62,323047.91131801356
877.130610644006,3,11.392708366046616,Urban,5,4,6,5,-0.7786899631250612,28,419156.69933706854
1586.590462925591,8,26.723893376113825,Rural,1,4,2,3,1.7157000928806039,17,391087.27042252274
1692.6586898644184,7,21.66655817359844,Urban,5,3,2,3,0.09330264256756057,92,524739.8864738868
1058.0712818994334,6,31.80989905305672,Urban,1,3,4,6,1.0055588470061783,5,286022.04650839407
1576.862552972764,10,24.032745630371718,Rural,4,2,9,10,3.0675021115866503,52,436280.5705237782
1529.1043592229998,5,10.332981092973402,Rural,2,5,3,10,0.18009153881108567,81,372815.83065146627
928.5148510846884,5,12.03935862279366,Rural,3,3,6,7,-0.09683190004017382,31,325107.1739013165
1678.8936801741415,5,21.029173905232373,Urban,1,3,2,1,-1.0670296045940793,41,378160.62194353057
1780.3922631841172,5,0.0,Suburban,4,5,1,3,-0.1205704567692146,46,395280.35046480864
2041.5256215876384,4,36.73441885622985,Suburban,2,4,5,1,-1.0361717752673318,30,326396.0646586507
2026.9010260174514,10,24.41746736377557,Rural,1,4,8,10,-0.18696842946794323,61,370345.690579491
811.1653160214545,3,32.27034597048872,Suburban,1,3,10,3,2.8946841304733337,55,323643.2540642111
1031.0874800424385,2,4.19396059190831,Suburban,3,4,10,5,0.11959795457485885,10,326102.6326311273
1757.5176336043298,6,32.445651603552555,Rural,4,4,2,9,-0.553687515924103,25,382452.30444179033
1756.8929754561045,4,42.31498911027749,Urban,2,4,10,3,-0.2097180768228321,91,330737.538919284
1757.523843153024,4,6.791216446226825,Rural,4,2,9,10,-0.4118713992431347,26,404002.2406366151
3426.365745327361,8,27.714017949037668,Suburban,3,1,8,10,1.0484018731416267,82,460490.0759288721
1785.4452553465835,5,20.011099446872933,Urban,2,3,3,9,-0.09022459790015883,56,391827.7816060314
2067.7828200902995,4,4.5556615175175565,Suburban,5,3,1,1,1.608888093413138,26,331397.7873765873
1977.0008817466012,7,24.9288397185187,Urban,1,2,4,6,-0.31609928405105125,58,428775.34480490844
1825.695625652899,4,28.336032048373482,Suburban,2,1,8,9,-0.2515792770268969,61,319646.819493622
1342.3653776798271,2,13.988734473311531,Rural,2,1,3,5,-0.8967843857224138,19,343836.86465367005
1879.4846102466338,2,31.65916520255223,Suburban,1,2,10,10,-0.38338190226126884,2,330023.04429117695
1113.587392731214,3,3.332365932108022,Suburban,1,5,2,2,-1.7335702284214536,15,355914.4272050087
1381.5906966299956,3,5.052438535503558,Urban,3,5,7,5,-2.129810183859867,43,358470.9276206468
1257.3182260854483,8,21.365973955887522,Suburban,3,1,4,1,0.6246733536989464,92,374059.5926757439
1540.9370696931612,6,20.253852779722717,Rural,3,5,6,9,-1.745440629920937,78,358987.1525554825
2657.329283336754,1,12.83426511575895,Rural,2,5,5,10,0.4059654991830201,29,400447.9401430457
566.367403704126,8,28.095944359718857,Rural,3,5,2,10,-0.5004968498447857,39,210352.01583115006
1843.1300951872568,5,25.308943142159492,Urban,3,1,10,9,0.9395289721634184,64,411063.7349071857
693.6420644051742,4,28.58139070934016,Urban,1,5,2,6,-1.7234044207138595,28,331977.521370705
1264.0340671052832,5,18.768635646477325,Suburban,1,3,9,9,0.5982508136813659,29,390689.2769648765
2044.475298483683,7,26.02580267978341,Suburban,4,1,10,3,0.33159995427906114,31,366928.284910166
1532.1400095477313,6,15.543496969700055,Suburban,1,2,2,4,0.36251622528176697,9,378910.1496183468
961.127611035347,3,40.53818690086595,Urban,2,5,8,6,1.123898866891339,90,274848.5897543937
1142.348145370016,4,11.874542298780142,Urban,3,4,8,4,0.07028706708913407,50,308002.70004545763
1839.798874467338,2,41.05297429458312,Suburban,1,1,1,1,-2.447838883399216,7,336756.88890234305
1134.8166841414318,4,20.348879470894087,Urban,1,2,1,7,0.44910809069038693,50,382482.3008471339
1608.2292947909875,1,6.244891104312574,Urban,4,3,4,5,0.31967261257605173,35,360427.86994387244
1522.7859199519069,9,33.68079350488601,Rural,5,2,2,8,-0.24462508304127525,54,339754.2061773353
1174.1998261970914,3,21.25901388394959,Rural,1,5,1,9,-0.8417729076788759,34,349573.2185198965
2571.972044662663,1,28.51124098380238,Suburban,1,4,9,5,-0.36091932299328416,35,401354.4961588504
1816.9595111590056,5,32.238559185425935,Suburban,5,5,3,8,1.4580597766491035,55,409326.2782036904
487.42870667119644,4,23.37955554145025,Rural,1,2,1,1,-0.9199078445739007,35,263588.4671877226
1593.2271573847138,6,14.077591551871855,Urban,2,1,2,1,-1.740411474056052,88,370570.90802462253
1169.106767615806,5,29.757133776692502,Suburban,1,4,8,7,-1.468262686962047,83,352409.5932824638
1926.216667398112,8,20.007555074545955,Suburban,2,4,5,6,-0.035295917188680345,60,294189.30825656
1103.7396307836498,5,26.858578186084188,Suburban,2,2,7,5,1.6708505294436606,61,341630.8751717149
1442.6317792665504,7,0.0,Urban,1,5,6,5,2.2048507220781515,80,439232.8016889508
1752.4936394902286,4,24.46981717009852,Rural,3,2,1,9,0.6502315094495458,86,345630.3243714863
1932.8775970850606,1,13.614141748549699,Suburban,3,4,6,1,-0.9812459486006698,24,328777.65506392426
899.8517964721119,5,36.533096371785305,Rural,3,2,7,8,-0.875091755375022,63,331811.1583292434
1332.7493820795257,4,26.230873478890953,Rural,1,4,4,2,0.8758373287657037,59,349380.95946026105
1262.5273444195218,3,22.398577458492966,Urban,1,5,8,7,1.331635429967839,56,416850.1260256533
1173.335383713144,2,24.863099933502216,Urban,2,1,8,6,-0.6419969944533351,94,355687.06691709324
2382.7271201405483,10,10.015591471232817,Urban,1,1,7,10,1.4244504949072732,69,361943.40971164714
1702.4908554804779,5,36.232566905280535,Urban,4,2,2,2,-0.22956017300372036,98,299454.5657022941
869.5580228324774,10,39.91370418416905,Urban,4,4,6,3,0.7142839761013748,51,346555.15144017973
1958.930973527388,6,23.929135105482164,Urban,1,1,6,4,1.1454669865593403,55,391863.0048388033
2561.0780985063166,1,35.90403568573639,Suburban,1,4,7,7,-1.4817678489735828,62,389238.8974622466
2016.2326302755735,6,14.30851801327466,Rural,2,5,6,8,0.45143876653347564,67,395122.5237240319
740.3150170229933,2,12.028864337750193,Urban,2,2,2,2,1.4286425440145551,19,347083.68091244315
1257.8829635668744,4,20.409247487289228,Suburban,4,4,8,8,-0.5606650203606613,53,361125.8969832633
2133.455574593311,5,24.349410383678986,Rural,1,2,4,9,-1.056581435577234,0,307049.5112098294
1146.1652671906097,8,16.060133187568795,Urban,1,4,9,7,0.4947854353300981,89,402082.9809305008
1721.9097140731142,4,25.377681903684838,Urban,2,4,8,1,0.1334432790439806,97,424898.3404492354
1887.3170267146684,2,23.06389482073414,Suburban,5,5,3,6,-0.32730403127438007,9,461808.376821764
1036.5347642109587,1,10.01693224708945,Rural,1,2,3,8,-0.0022127099597559416,22,421440.0837406793
1470.2373219690999,8,25.187930174517213,Urban,1,3,8,5,-1.6702940057558509,50,419451.22429214674
300.0,8,28.635282425215212,Rural,1,4,2,2,0.40447532285054083,23,272040.41050250275
987.8061793328551,4,21.71469317590391,Suburban,1,4,9,5,1.5925978553403537,12,342744.0896650904
1373.7159243034198,1,31.526481032616925,Urban,1,1,4,8,-0.7146757897840716,28,395509.2547643725
876.1084090175752,9,7.825962065030481,Rural,1,2,6,2,-0.8284169304503102,57,245941.84661533864
2316.2056519658177,4,24.679504221318517,Suburban,1,3,3,1,0.17256174399088403,90,380196.83677833807
784.9293110196836,2,8.297192936032252,Suburban,4,5,3,4,2.845877450289003,94,245680.7252603147
1279.9777566515081,4,8.859186417669125,Urban,5,3,3,4,1.0998832735534692,42,369153.78311681194
1565.3702886430456,3,13.6906916626221,Rural,1,5,10,9,-0.09417478472929892,9,427868.2197616492
2220.6366445330577,8,10.579398164257551,Urban,1,3,2,3,0.03959881805213766,30,401392.3497903693
782.0689244102803,9,14.520041812588623,Urban,1,3,8,4,1.1988468756167485,73,296122.2439262103
2081.58187607748,4,17.858496892888112,Rural,2,2,9,3,-0.90937524752908,87,400378.8475809948
1505.1165305097936,4,28.371544863313844,Rural,1,1,8,2,0.6117426066644042,96,367507.339921308
1009.2456744760245,5,16.788409612942974,Rural,5,3,10,4,-1.117455008894189,13,357821.2155831183
1731.0517371316355,10,4.1437429323040735,Suburban,2,4,3,8,0.9249146692185436,98,321661.8687691232
1599.529847786735,8,31.400678464951604,Suburban,2,4,7,1,-0.2939543922142164,33,360750.0836181807
1199.8915614206026,6,11.629098663849604,Rural,1,4,10,8,0.20069412524292482,16,357573.8847393679
1534.9010424950095,2,19.412795728953714,Suburban,1,1,2,8,-0.3588760848681331,20,404747.0064483284
1307.3432015691199,8,24.465365069407113,Urban,1,3,4,3,0.6986867093533149,95,337121.36832780554
1556.758672625624,7,21.99610418402783,Rural,5,5,6,10,-0.17468191658949636,66,454553.0346895016
1831.0653372605234,6,30.941795475214754,Urban,2,5,5,10,2.1579716860282594,57,364728.23385436396
2293.008408072676,5,24.790031433927588,Rural,1,2,9,6,1.418867589802212,78,365956.39380121045
881.0922505865755,3,11.38690420302892,Urban,1,1,10,4,-1.3042886623027445,7,282511.94885765656
2566.5166873281332,5,41.78562173991662,Rural,4,3,4,1,0.1914561361499349,95,360847.3725835611
523.9561002387491,3,21.94333463338233,Urban,1,4,5,1,0.7351552319892513,37,264305.182417984
1424.1074524822084,3,18.52659773378494,Rural,4,1,4,5,-0.45815932859321384,25,344877.7267853425
1794.1586032422883,7,29.639254230555707,Rural,1,1,8,8,1.2124767039620095,63,444405.000272556
1640.4959338675162,4,22.494509459300723,Suburban,3,3,8,1,1.094650815910273,29,286564.8419253082
1188.6502400897032,4,23.992281929393272,Urban,2,2,3,2,-0.08356255319286285,8,265986.0422661057
1395.9388748213623,6,44.92183998600687,Suburban,2,2,1,7,0.9812158840733828,31,313143.32830196305
1253.4995326705837,6,17.248785717449532,Urban,3,2,6,8,-2.410662694908141,10,277280.06339845486
1205.3176215278943,3,16.822391059826042,Suburban,1,4,2,3,1.3575882092768423,85,294346.6647060272
1924.8010485105124,4,21.16578512012464,Rural,1,4,2,8,0.8865088020755251,33,392032.2615859262
1678.5077429825237,6,30.715159355810385,Suburban,1,3,3,1,-1.087677694731258,17,350580.0381826989
1153.545202369673,6,4.934659698096009,Suburban,2,2,8,9,0.2518803600928554,18,374668.08119836263
1949.7999377166254,6,0.34444108523494776,Rural,1,3,3,2,-2.02628351136724,53,426698.4568136778
1653.6497604383046,6,14.128847293798525,Suburban,1,2,7,2,-0.7634236328562302,81,435683.3370869089
1906.43105941948,3,3.660770409407128,Rural,1,1,10,4,1.095639338082413,36,410612.45116717415
1814.814420961806,5,15.751686524743615,Urban,3,5,10,10,-0.012836158405151399,81,435238.0836503363
1085.502494538964,2,25.024996961292903,Suburban,5,5,9,3,-0.06820297252355163,11,334603.85293059476
1219.9094799015152,5,11.092511364477364,Rural,2,2,8,4,0.04522619064655778,3,369424.4657279353
1873.646802561631,3,5.731734232186575,Rural,1,3,1,6,-0.07142964623750515,42,406826.63488607993
1805.1851327167324,3,20.69337161715348,Suburban,1,4,7,7,0.9874897169687276,26,383793.78506980033
1489.549203017926,5,28.625434846151702,Urban,3,2,7,5,-0.6189896144478633,50,356135.7992518167
1558.663691654391,10,3.0502656148338723,Suburban,3,2,8,2,0.4193460736613444,4,465932.1074133188
2138.8324478942122,7,28.20232398305984,Rural,4,4,10,3,-1.1446176648765949,5,413644.1090364512
1204.214305582085,7,28.17306203738326,Urban,2,2,5,10,0.7410992282667114,76,309668.28208052024
1773.548690585019,4,29.54085102156628,Suburban,1,1,10,3,-0.32137110185219164,86,476307.8319591769
1398.903673783053,1,32.18480214871686,Rural,2,4,9,5,-0.04098753284461416,55,318907.72792542685
1391.15939838639,4,42.02013924659616,Suburban,3,1,9,5,-0.36217093885845253,88,327276.3987339612
2049.388425993595,5,16.439079513809446,Urban,2,5,8,4,-0.23565340051520234,67,344498.80462610256
1912.7081744940149,4,21.09571580077858,Urban,1,4,6,8,-1.004726227645455,95,410395.3195053255
1906.7548180003193,4,15.835615667519745,Urban,2,4,6,6,0.3292500621593337,43,464013.9020414618
2152.7394035771645,7,20.019768447558107,Urban,2,3,1,6,0.5546640973688259,14,313058.9309688522
1510.5019208163794,6,35.32873355636312,Urban,1,3,6,1,-1.330640153846021,89,326327.81651209126
1840.976485647482,8,6.549855160693312,Suburban,1,4,4,6,-0.5963999059798073,41,441329.65258057695
1344.866621703272,4,11.389503278344245,Urban,4,5,4,3,0.030013842616624525,10,302887.96210189373
1662.083176244221,3,33.77180936504561,Urban,2,2,2,6,-0.5986481381993365,72,378051.462221266
1434.9284728161576,1,30.200365069020897,Rural,4,3,4,10,-0.22282161418672475,10,276474.02478461893
1548.497982496359,4,16.36868353182922,Urban,1,5,5,6,1.6161017404900149,65,381452.7564642883
1797.5785127184568,1,28.5440200112072,Rural,1,5,5,2,-1.0181627854590918,26,365225.78332887974
1090.8896583832638,4,23.41215842492033,Rural,3,3,5,1,-2.312187002938297,57,497011.4740341746
2546.19363784273,3,35.00274609000988,Rural,2,2,4,3,-0.5987398123063147,89,429530.3444523145
996.991309250149,5,20.745095938267728,Suburban,1,3,1,5,-0.3281596849796921,71,220483.28756909858
892.9056936061339,6,30.256321138725824,Suburban,1,5,10,4,-0.4899899488812818,20,310651.6534541431
2079.055436750034,6,46.4201191049262,Rural,1,1,8,7,0.26881119718204194,20,398747.4566168547
1895.831346981468,4,25.980991550474663,Suburban,1,3,3,4,-1.0280817598431713,71,348152.69543667993
1812.0599085260776,4,20.493281657948437,Urban,1,5,2,8,-1.1752801165962552,0,347281.1847728185
1814.17275463214,5,27.224469852209793,Suburban,3,3,9,7,-0.674487174380772,57,343096.93726433424
1493.8766135765427,1,16.347191417961152,Urban,4,5,7,10,-0.6538487364791594,12,385704.6069191572
1051.3728142570842,9,43.87967705524732,Urban,1,2,9,9,2.1208409479491186,72,245925.46484412154
1537.9022790968631,7,21.800710376959813,Suburban,3,5,2,1,1.5524475479283126,91,327018.12058629916
1161.4191442439442,5,17.270666797744873,Suburban,1,4,9,5,-1.6695269492947693,5,392449.29780348705
1987.5598667088757,4,11.643109949799639,Rural,3,1,10,4,-1.929808912891066,86,363381.907399099
1426.4713092489308,5,30.972201916064385,Suburban,1,5,9,6,-0.08575294762046702,99,313006.0656417345
1087.2514016037442,4,28.671874128277388,Suburban,2,3,9,1,1.9115950120043594,57,256872.86472680632
1339.3070791735033,1,15.026456285859068,Suburban,3,3,10,6,0.666089741826487,16,384234.593774868
1706.465727137812,3,25.764513451224225,Urban,2,5,10,1,-0.03288569920279419,72,380830.74326891504
1218.1377235980126,7,4.914440317871435,Urban,1,4,4,1,-0.4560742727116305,11,404610.6668903944
1088.8898022167843,6,21.849705750731562,Urban,1,5,10,8,1.0771624764408045,85,326948.11820201203
1621.8436057459562,10,24.527563520766947,Rural,2,2,3,2,0.17798937960330405,51,372353.7219505105
1622.4832855543614,4,37.07329809559223,Rural,1,4,6,10,1.7317583831803514,75,359419.3410279766
1246.5284123144352,5,12.291811972713106,Rural,2,5,3,6,-1.6877048624258153,69,278785.20305392734
1264.4808471908386,6,7.216473711976757,Urban,2,1,9,6,0.4236457885331881,72,473679.8296084692
1616.0249686788181,6,11.045720390749583,Suburban,3,4,3,6,-0.5632976675458828,51,418658.45156213094
775.9578292513379,8,6.634314996850801,Rural,5,5,2,8,0.4142752175136015,36,336113.5701033321
796.2681128117224,4,33.36657357758983,Rural,2,1,8,4,0.25085625159639774,2,295236.05453273706
1140.777889373782,3,35.486392950240365,Urban,2,5,6,3,0.5096662090000231,97,387750.21646277944
1393.2764241440764,3,23.20216577948829,Rural,1,2,8,6,0.9775821467761894,7,351257.8412176801
1655.4537827990023,9,32.21294945685148,Suburban,4,3,7,4,1.3897925797618274,9,396240.85927520215
2237.678108474776,7,21.339583805802352,Urban,2,5,3,2,1.9517231704036162,46,361643.20122082223
1928.8298116010096,2,19.04888352299234,Urban,2,4,8,6,0.01579430105737277,40,333620.1421346479
1420.0307350182864,2,16.669623809462383,Suburban,1,5,10,10,-0.5423499736103137,63,346245.10055532044
1490.4918960486557,4,16.896090086224344,Suburban,1,5,1,5,-1.225821768681723,41,358157.38125732087
998.7353176810956,6,4.521984436909687,Suburban,1,5,1,9,0.43488634036358464,42,366590.86343448487
1490.743432003805,9,22.64254763607339,Rural,1,5,10,6,0.8349173474267537,8,425239.57742835674
1355.6706805399308,10,19.59666089785956,Suburban,2,4,8,3,-1.348447749031108,13,403788.46573363384
1661.3592801690447,4,27.45360724077876,Urban,3,4,9,5,1.1446649842487395,90,421514.6949407782
1086.3845282238385,7,20.935234964386098,Suburban,3,5,10,10,-0.1013503103838119,95,296753.51978289936
1759.6732571205862,7,18.372962984309083,Urban,4,3,6,8,-1.2558167842423265,3,354864.22436328
2266.369456501289,3,11.288069699923692,Urban,3,5,5,9,-0.8482871944946482,1,450430.18170856196
1445.6199257715712,7,20.721532368217613,Rural,1,4,2,8,-0.9432427626437779,96,412306.8373870129
1700.8558610494706,5,27.38237230816162,Suburban,3,2,9,3,-0.9254552480990578,84,394753.0220726411
1845.0719958555562,2,8.566610089161394,Rural,1,5,6,9,0.5699013964426419,0,355551.2220250328
1299.389764057082,9,20.87473753680739,Suburban,2,5,8,3,0.8638277286885493,74,292013.8556596718
1612.0462409052084,6,22.33042951529484,Suburban,1,5,9,8,1.6991455815232015,64,369920.76477281365
1506.2962003908974,3,12.819352163817356,Suburban,1,5,9,10,-0.6982222323384965,45,317909.21784183953
1548.8380492744159,6,14.121436950919998,Suburban,1,1,8,9,0.3429562674553059,58,386352.5206102501
1113.4951080722667,3,22.306108487662144,Suburban,4,5,10,7,-0.6470258002986565,74,395902.9089198771
1512.2550871294713,2,8.66578981707377,Urban,1,4,8,4,0.020123902995707287,6,376401.41072494944
1748.9991456227249,8,23.499237152493926,Urban,2,4,3,10,-1.4803803873256582,65,298659.2588200596
2225.571803897521,4,11.046456263408,Suburban,2,1,3,9,-1.12319714033978,14,374767.34196143906
1979.6354130426034,5,30.628536930332164,Urban,1,5,2,3,0.803060488658778,71,411587.3971966236
2576.5912287557785,4,43.378277453883,Rural,3,3,1,3,-1.4834659521057496,46,409147.3552097453
1116.3262185559752,3,11.392431982981803,Rural,4,5,4,2,0.6148309676776891,89,372118.49895746185
1936.160318360339,4,25.342078623746747,Rural,1,4,2,10,-0.6761490520517169,39,459914.08022555744
1591.671002869176,3,12.732580951179807,Suburban,2,2,2,3,-1.925536384706547,41,384304.42911358236
2594.901466608836,10,30.409541737977897,Suburban,2,2,5,1,-2.5385693394314695,50,415211.7197049267
1095.8508573224242,6,7.34741590914785,Urban,5,3,4,4,1.4634613465533428,34,390278.8968637027
1080.139078909612,5,24.805867584277127,Urban,2,5,1,8,-1.905416468015876,40,270542.99116086215
1200.303677277989,5,11.270110331106473,Urban,2,1,9,5,-0.0643726160140594,84,326489.5615036558
438.05213784509647,5,17.930154109016314,Rural,4,5,4,2,0.3539507943769819,56,267048.14582418883
1237.1224891596194,3,9.68974724852693,Rural,1,3,5,3,-1.3132022290464695,37,384912.0794419662
1120.433669223151,6,28.223504708957535,Rural,4,3,7,1,-0.5535253683535555,71,281843.0622767149
1575.1968932381037,4,11.63019645560413,Rural,3,3,2,2,0.47882391000781277,95,395302.043645805
1670.8779878885798,5,25.519642593318274,Urban,5,2,8,1,0.29331618482047384,7,347185.7727483222
2438.085419607943,3,16.55901971737667,Suburban,1,5,2,2,-0.4605755664742546,73,387537.45574035926
1975.2119190930252,7,18.85527628201137,Suburban,3,5,10,3,0.2369046296753219,62,425496.67985906574
1211.5481721687984,3,21.477559074001285,Rural,1,1,5,1,-0.10223466418557733,86,272491.60042467836
1050.792664325821,6,12.381753283411513,Suburban,1,3,2,9,-0.9704165795625277,3,315723.687615469
1745.959585753253,7,22.10367113540887,Suburban,2,3,2,10,1.2004904567737311,47,511670.3193846573
839.883396489679,1,35.30334564354411,Suburban,2,4,4,5,0.20742058496143312,51,399211.7498886661
2415.7293829271766,6,12.219052141672858,Rural,1,4,4,8,-1.8420311772390687,37,317846.6693522218
2089.7200603606434,4,31.71810143273845,Urban,2,2,8,5,0.5216746491717466,93,347390.06520427566
1265.4121739476477,2,34.980976334877845,Urban,3,5,6,8,-0.6155158499936345,86,331430.3993802862
643.4327354545612,2,11.83845010971956,Suburban,2,1,10,7,-0.28943619064809273,4,249772.8408738191
2176.9361870827065,5,5.4494539490944796,Urban,2,1,8,4,0.008194834196739996,84,504298.90674625244
1442.730077373691,5,23.019609001717647,Urban,4,3,7,7,-0.7929475029860962,69,350595.95600168407
2118.908155986731,3,14.525924772331269,Rural,1,1,10,6,1.8030378628943522,80,382123.40072105377
702.7861706028165,5,38.68603219163002,Rural,1,3,4,3,-1.4933177252684207,88,315506.53832362837
1200.3124885231136,10,20.348075404998323,Suburban,3,5,2,9,0.056687477298438156,23,357924.0646373554
1502.6218498590915,2,11.978005919648208,Suburban,2,1,9,10,0.38135158115491613,85,320435.36122017825
1523.490296882371,6,8.528404889882886,Suburban,5,3,2,9,0.04121277502800201,76,433410.3472086751
1274.9672642603782,5,30.899049590908305,Rural,3,5,1,5,-0.1909858084779715,16,340951.1105809407
1811.4249661737495,3,14.288160259158134,Urban,5,5,8,8,-0.37701328298679065,77,441720.41599783645
966.1897853087028,4,20.438287994604284,Rural,1,3,10,7,-0.80317994579797,97,299089.282860718
1428.8102574893533,10,29.558027451124808,Rural,4,3,9,9,-0.82091315817284,89,252086.0005081406
1560.1478158559494,1,15.157416480691698,Urban,1,2,1,7,1.1585434512677808,82,434714.5198051989
1757.2194170293744,8,19.540711712598394,Urban,2,5,7,4,-0.4417467234969245,25,405340.0824713015
1855.807439044445,3,19.8343159017748,Suburban,4,3,2,4,2.1321856668063788,2,431366.8628023124
937.6789540810654,5,26.83324511516092,Urban,2,5,6,8,0.6689403187957681,1,381537.3081146196
732.9429146321888,4,25.907443355103258,Urban,1,1,5,6,-2.667629714606425,91,311703.94292995037
2138.8384109492545,10,17.798862687451717,Urban,2,4,1,9,0.8832590162275658,1,370796.4652379374
1666.1570059897958,3,20.636490614965176,Urban,2,4,2,10,-0.05315980572258217,21,358087.4587686453
1125.756731721723,4,16.282209884765116,Suburban,1,3,2,7,-1.3899517473838237,70,367576.95523800555
2275.5759877612613,3,5.223875930805553,Suburban,1,3,10,7,1.3042551998259626,3,422406.8461987345
1557.8373171464293,3,22.576008573981294,Urban,3,5,10,4,-0.4359169334535281,37,263856.81022910017
2089.6485920319133,8,38.92191760833067,Urban,1,3,6,3,-0.5209323602817835,83,359635.5353179325
1533.7592407050545,1,11.162808593089371,Suburban,1,5,1,8,0.3751900169422932,69,436220.0001038223
2530.3739624409936,5,12.26970290397297,Suburban,1,3,4,7,1.1428303395562345,72,414183.3714361814
2377.6704212216023,7,11.292722283562586,Urban,2,5,10,4,0.11341519819815811,51,518817.8284379859
1375.5179257604632,3,27.245917787231225,Rural,1,3,5,4,0.04181934789533887,30,293478.0960643147
1985.7854754771777,7,24.484854541964403,Suburban,1,2,2,1,-0.6968660144532531,25,392230.98771002505
1822.6879747925736,5,18.414623075835433,Suburban,1,5,2,7,1.1257568490321013,35,323452.71003559174
2184.3157787661744,7,10.81980938361035,Suburban,3,2,7,1,0.12305078655877959,25,355617.2018290966
1017.5382697099478,5,20.923767916399242,Urban,3,2,7,10,-0.22544312741700015,27,287639.2926253143
1843.0257299992197,7,4.353778726641957,Urban,1,2,6,10,-0.34950687695877036,4,498281.5065114216
2029.212243424794,5,21.43426566857493,Suburban,2,2,1,4,1.026825595587056,73,367419.14198304014
620.6302567884428,4,28.71524386087934,Urban,3,1,3,3,-0.26232359629912794,17,267184.3505755639
908.3707436671125,5,7.48800863366322,Urban,5,4,9,3,1.0293976181353213,14,337795.1222609345
480.38391111994974,10,4.674817231703363,Suburban,3,1,10,1,-0.47157470335653606,56,308223.65893139475
1365.2965827777211,7,35.794378916948595,Urban,1,3,1,4,0.7223054837827397,96,373043.01685598126
1858.7711278979812,6,13.88240360495415,Rural,3,3,2,1,0.20709618034236218,4,277092.6512111706
2251.178526048014,3,31.35947845943822,Urban,2,4,8,8,-0.950754988583956,36,333468.74205464503
1537.0473902098877,1,18.460023348021682,Urban,1,4,7,1,-0.08697609762672419,85,400717.62086116977
2314.307772785646,10,18.380451830586725,Suburban,2,4,9,6,-2.1906029164011374,85,372903.5064771224
809.9492708925543,5,24.38412699496645,Suburban,4,2,10,7,-0.7440398410318515,21,278365.7753806728
648.3087803224226,5,11.160011432535594,Rural,3,1,4,10,-1.5778064052596468,51,281270.3574682356
1472.2261505516906,3,21.324971434956456,Urban,2,3,4,2,1.9975000931796743,14,388468.57726302533
1692.0327244696537,4,16.185105851759072,Rural,3,1,7,4,-1.5660306160166126,16,402414.7885260924
1483.6526259529535,2,6.795065565949685,Rural,3,1,1,3,2.585790627217978,50,415268.5705013813
466.2789499800617,2,23.37482074726399,Suburban,1,1,10,9,0.5142795326684824,44,241804.22803119704
1455.4399802436058,7,17.366921931220837,Urban,1,4,9,7,-0.518867167953021,62,294313.9891539425
847.7652497475734,3,18.42975171555292,Suburban,5,4,2,2,0.8063601006208263,27,380825.999169205
1834.8362744150193,1,7.898390565858422,Rural,2,3,1,6,-0.6445147191595499,58,394099.6219478836
1683.299123048424,3,35.914003677628045,Rural,4,3,7,9,-1.4095488804076082,85,317953.66888488224
1030.0601068363223,7,28.767141863861163,Suburban,4,3,6,3,0.07907026820882807,20,314877.91376164806
1243.0665413316533,5,29.641558841719785,Suburban,2,1,3,6,0.7000726963262405,41,270795.1427760249
970.3932390555242,5,16.94555297558318,Suburban,2,4,1,3,1.2784108952618878,80,305093.88959582715
1468.660451363414,4,2.708171104965796,Suburban,3,2,5,3,0.497730109558992,68,378685.5867678011
1977.5711602506192,5,39.52917382489511,Suburban,4,1,10,4,-0.5293455236693311,81,377072.98013919825
1007.1369768322281,5,19.38902491994132,Rural,1,5,4,9,1.3862760820808229,16,326596.2774473462
1752.0232577589222,3,12.512002039799462,Suburban,2,1,5,8,1.16297582623604,67,365603.90888588945
1234.8711908137795,3,24.168015744831138,Urban,1,4,1,1,0.269017527771541,6,374238.3901521035
1103.563583868828,6,31.671207880032973,Rural,5,5,1,1,1.2107777468234946,88,318438.1553596786
1446.4848200227211,6,19.769494439145337,Rural,2,1,5,7,2.184810310984808,39,330198.9831237167
982.378838790313,4,32.78575167939374,Urban,2,4,6,3,-0.543583940093733,39,278218.3394201366
1223.1753473264089,9,30.829999385168684,Urban,1,4,5,7,-0.8996776822830035,42,241949.04255700618
901.0610537055758,6,9.236188125979417,Rural,4,2,2,9,-0.572689190427965,72,368312.80826310156
2482.3625664581946,5,13.262098943405237,Suburban,2,1,9,3,-1.3496500299658434,82,484035.2748318518
1517.6317759858644,5,29.575371632797676,Rural,3,4,5,3,0.5912147846166919,50,304980.69236811297
1150.1372460037073,4,0.0,Rural,1,3,5,2,-1.6099032013436871,72,294004.17973826337
1606.989955367111,10,18.50544306835011,Urban,4,4,10,10,1.2650142340716974,22,330707.8212260291
1443.8359751545852,6,5.691687983753281,Rural,4,2,9,1,-0.672181636173488,94,381026.81644148007
1389.5152002333884,2,15.234461985664753,Suburban,1,4,3,9,1.3587077988441587,31,328976.3014972625
1807.0833500217127,4,17.011799109707958,Urban,5,1,5,6,-2.5570382983204483,30,347207.7837742782
1878.7538550236525,3,16.417556220924922,Rural,3,1,5,6,-0.38518762770383064,16,373373.97052694595
1234.7494261947363,2,14.477387478873915,Rural,2,5,2,8,-1.2930104157562536,57,352300.5253708264
1212.09087967766,5,9.02856350371186,Suburban,3,1,4,5,1.3533549225882027,85,369988.58860713505
1362.474151424178,6,42.91911266818686,Rural,1,5,2,9,1.6790247985038282,34,310446.9523515079
349.0394176322077,5,38.67462004161351,Rural,2,3,5,5,-2.3440788973493767,29,263129.54051363195
742.4044689007238,10,8.37934179743717,Rural,2,2,10,2,0.8658615583337871,63,232641.58370822982
2183.4371337222624,5,35.821167513035675,Rural,1,3,2,6,1.068687353658907,52,420134.970289247
2322.4838567506417,5,16.005345095271473,Suburban,3,5,10,9,0.32568452521082647,50,412737.31560774485
1375.4819802218108,4,21.291874733317105,Rural,2,4,9,3,0.588163309412022,36,423035.41399190493
1788.2784815278833,4,19.36726040103084,Rural,2,4,10,10,0.5160550147755645,89,395602.2006289682
1655.625077271768,3,13.40251358746034,Rural,2,3,6,4,0.8695084820001195,5,365698.9102732382
3039.440404227619,6,29.838523436061465,Urban,3,4,8,10,-1.09246704047634,33,347832.7706069706
2059.787455717288,4,21.258865305766577,Suburban,3,5,9,8,1.2004943444400167,55,300042.3503614391
1436.0412042596167,2,15.234485767807586,Urban,3,2,8,6,0.20934633589542911,95,408984.98570667754
1022.2297796997871,9,6.954105561995274,Urban,1,1,5,7,0.14933383976980114,24,372234.8065998057
696.7768398712137,5,11.064049862808796,Suburban,2,5,5,7,0.5666249492410705,12,397044.78891768557
1601.7318179336116,9,3.58619884397903,Urban,3,5,6,4,-1.2707687888295405,62,423062.8090270613
1121.8246273578484,5,20.122235484151695,Urban,1,1,1,6,-1.5534421847494064,65,317412.4596776952
788.873145201163,5,8.033344077156041,Urban,3,1,8,9,-0.12103216230287615,4,216406.11170741418
1176.7135578787368,1,17.344394874814586,Suburban,1,2,2,3,1.5435389313807983,74,371717.29388173996
959.2259981928025,5,33.70101853610371,Rural,1,2,6,8,-1.1853826287004856,10,263455.2935375852
2343.5708175362824,8,31.992995729215856,Suburban,1,2,9,7,0.17515444066647393,87,375970.4433087938
1940.8198784747253,6,19.67723105897382,Suburban,2,4,3,4,-0.7166839079360776,77,397969.3100884796
1496.0136793416914,2,19.1291527385685,Suburban,3,5,2,10,-0.8509784292529539,93,324139.2572944554
2239.972069445013,5,38.79874549421008,Urban,2,1,10,3,0.5007483659768419,43,331941.5156668676
1538.684153823809,5,25.20756120358711,Rural,4,5,5,7,0.759375499389452,98,336367.78317101207
1069.3578993358683,4,16.72193540123477,Suburban,1,5,9,10,-0.7875514689632215,84,234436.92103365072
2261.5620386348287,6,5.73981882879548,Suburban,2,2,6,9,1.3872502559667828,68,355653.8095174351
1769.4550218423294,5,23.93873218164743,Rural,1,2,8,10,0.42250362649253753,1,312126.9518009468
981.3769228367718,6,28.293237725828625,Rural,2,5,8,3,-0.2416779645132707,39,308983.2090615734
1404.830660958196,5,13.68348475486356,Rural,4,2,7,10,0.3475180359052687,36,309200.1669787677
1062.1908733076214,4,22.912027551380326,Urban,1,4,5,9,2.036347514656217,48,304406.46118027536
808.600134517832,7,16.36426705084971,Rural,3,1,2,8,0.7535307511006826,97,301817.5088337475
1963.0887737658206,5,18.159676008009974,Urban,1,5,10,3,-0.6986969352588083,74,486379.0456864721
2454.708320235065,7,0.0,Suburban,2,1,10,8,-0.018707495277022007,35,461213.97843427525
800.7162130904294,6,17.782185962838646,Urban,1,4,5,4,0.13126887117150568,74,316234.4981688487
1781.4846183452855,4,29.693693024080545,Rural,2,2,7,6,0.6653567876449542,72,381834.4464817403
1174.6787154390865,8,13.685974444334418,Urban,3,3,7,10,0.23954772086923148,69,391083.7632337537
1256.437308117652,4,20.525263682153163,Rural,3,4,2,2,1.8953239089521703,33,356685.0742019762
1203.8030378805654,3,12.440492933080796,Urban,1,3,7,8,-0.22668642870116962,57,296055.1989097914
1068.004615160092,5,23.60441676292773,Suburban,1,1,6,9,-1.7299056974267928,36,322945.33626421145
1524.2608139724134,10,17.834768024638265,Urban,3,5,7,7,0.21452856949725138,95,309583.65554157546
1084.524941794481,6,10.607584593179931,Suburban,5,2,8,8,-0.44112519919610754,59,327164.70382894145
1635.2284128899194,4,33.32551467665128,Rural,1,4,4,7,-1.5040309901488447,11,340492.6213974455
1474.8809452754315,3,29.28932013532215,Suburban,3,2,1,10,-0.7035239816671137,31,397083.70898372924
1380.5259765667952,3,13.950932360718252,Rural,1,3,8,4,-0.3583879681773203,80,315369.3579219715
1046.218168979201,5,24.977883094177773,Rural,1,3,8,1,1.1398042162504856,3,283621.4168960067
1211.6143347158336,2,25.374120028203805,Suburban,2,5,3,3,-1.4832483178978748,32,299359.90679498063
1877.695612912878,6,26.42301235011176,Suburban,1,3,3,7,0.3497852675752838,42,337011.46450489305
1750.4585938121904,2,3.0574410400492233,Urban,2,5,5,7,2.2204806215211894,8,368557.05649749836
1011.2223776007245,5,30.06606541032628,Urban,2,4,3,3,-0.17486163567668153,97,336961.22010389646
1549.666152714613,2,14.303010370742687,Suburban,1,5,5,1,-0.2042404896651718,50,323924.8939828364
1875.6935616858946,6,16.42172066558733,Suburban,4,3,8,10,0.7197765194776986,93,383107.5679186653
665.2973594393142,3,46.378817522602,Suburban,5,1,1,9,0.5221815959136071,19,293248.64119281055
1771.6800961899676,5,23.01873380721012,Suburban,2,5,2,6,1.4175622239040202,38,393249.0620892133
1168.6881205270765,2,16.136775245528245,Rural,1,2,2,7,-0.1671111278986771,22,331758.8982660706
1785.2993342965797,6,0.0,Suburban,2,1,4,1,0.7021929116496299,40,430869.1979623588
1118.3704217287416,6,33.897641339463554,Suburban,3,5,9,1,0.7181007888740206,43,340472.4400537925
597.5589496677405,7,6.5479032919139755,Suburban,1,2,2,4,-0.33555589315130274,34,339539.04061058024
686.2287810584187,6,9.965610965004965,Suburban,1,1,9,7,-0.11398018998202876,22,296811.4310977975
1524.0424733306909,6,16.686477009121507,Rural,5,5,7,8,-0.01119917145977023,57,373243.8165904006
1629.861250860741,4,34.164117917002926,Urban,3,4,10,10,-1.237699814640416,47,364943.3387496169
1047.8416874477957,4,27.73239986665759,Urban,1,2,8,9,-0.38867839345363986,86,294780.21381045075
1819.296229388687,7,18.4216249015974,Urban,4,4,1,1,1.4961645267668793,57,432257.3097359299
669.23996886552,5,23.08292063638821,Urban,2,3,5,4,1.037716615671117,56,441554.3727987923
1466.9601006763417,5,13.996143071288943,Urban,2,5,9,4,-0.5799359157154906,86,326495.3173853738
894.4919001187717,8,21.396536895653508,Rural,1,5,4,3,-0.015742148532632987,38,299818.7826428034
1174.0819460989205,4,20.733367447781365,Urban,4,2,2,7,0.9713898894275428,27,315719.4779943678
1523.699335658207,2,29.687698956813534,Rural,1,5,6,1,0.4434056875422199,63,281019.13820898056
1069.7933173580238,3,29.671781224389495,Rural,1,3,2,9,0.799910952490804,61,280003.35685683857
1307.7222278850872,4,24.93977382205645,Urban,3,5,3,8,0.5341281187946741,82,383307.7364048065
2003.1464046072203,6,16.376524424538978,Urban,2,1,8,2,0.21541140273012366,61,379680.1188097781
1211.5540652384257,9,27.418222943901267,Urban,2,4,3,2,-0.16589268284638348,93,429110.29712703265
1917.846056032571,3,19.080315337969534,Suburban,1,3,2,8,-1.1951085602602058,84,362386.7852925585
935.1465726711909,5,9.18085631286867,Rural,2,3,6,1,0.6922348854682576,87,358394.0136410871
1764.9020889576414,3,15.967122080890613,Urban,2,4,3,7,-0.22175201800740965,84,327063.2903702575
2220.78431032895,2,20.845269837843244,Suburban,1,4,1,9,-1.6478868938568443,25,384684.88081579015
300.0,4,29.102157836647454,Rural,2,3,3,3,-0.5456589932114322,50,290288.89790604205
1101.5523722647617,9,18.16471827842847,Suburban,1,4,6,7,0.8522896894528121,49,231708.68148429802
1788.53606359027,4,7.908012887603938,Suburban,3,2,3,6,-1.9161643812659455,35,340270.66520143603
1398.4773069785037,5,20.567416832968195,Urban,1,4,9,7,-1.029524515195794,25,381152.9704502028
1685.5729366856544,8,21.134560400565523,Rural,1,1,7,7,0.1371334013192164,32,392277.4580947475
1198.0074066420898,8,21.85837628902753,Suburban,2,1,5,10,1.4057186433942654,99,275623.2253143825
1543.29489373645,5,29.1987151595443,Rural,3,2,2,1,0.99997606893382,67,329917.9381908953
1422.1613823039602,3,30.189232400898984,Urban,3,4,9,3,1.5016346186299734,72,222438.13692691317
2083.8910308299037,9,14.057891276183334,Rural,1,1,5,10,0.20778184872621697,7,389964.80728712346
1627.2104216506066,2,13.838565419510566,Suburban,1,5,7,1,-0.20918043446703338,65,430536.95004899893
1668.8013310376011,8,9.598012890445268,Suburban,2,4,9,5,0.8433066744329553,92,439023.1504880471
1294.0615169387663,7,26.988156702804762,Rural,1,2,4,3,-0.8993672798372561,22,401118.3588003239
1256.1968879637532,6,34.488201083377156,Suburban,2,4,9,1,-0.9773832502346362,69,354670.0448867184
1283.7209060901896,9,16.849180720910766,Suburban,3,3,1,2,-1.155089775168019,54,405247.09345745295
1697.2260711891483,3,17.585694352750068,Suburban,2,3,6,10,1.0888846209650607,42,357812.4715393912
1289.5077595898686,6,34.66782556898976,Urban,4,1,2,5,-0.8345805774771595,99,303714.0291143041
1644.8874284482065,7,25.055578532150076,Urban,2,3,8,3,1.0006034085162683,20,414219.55385017605
2537.7003993227195,7,24.36235704801055,Suburban,2,2,5,6,0.1484502836510538,21,416945.6410204353
1935.562351715846,5,8.090834940262733,Rural,1,1,3,9,1.1017396495445941,8,298925.403925365
1336.9882339160795,5,26.78728069279419,Urban,1,2,2,6,-1.1053821813650617,33,400891.025808901
2100.6069610819723,1,10.708636594902417,Rural,2,2,8,2,-0.6255156566820088,58,383329.1938014763
1295.9623134892242,7,8.65979814065042,Suburban,1,3,7,2,0.4539890643795448,25,322782.0325336426
480.93773241107306,4,16.532284232332877,Suburban,1,3,9,8,-0.4309599067001535,0,356459.8300113119
995.956844541298,7,14.142072765513099,Rural,3,2,8,8,-2.4933500484826845,99,377859.0307776527
564.6040394870722,5,17.784003056149608,Urban,2,3,4,6,-1.372259452409794,4,262602.1719359175
1324.2432579793456,5,5.590183654750813,Rural,4,3,2,10,-1.1132566940209931,40,352767.58972724236
1509.2091895947758,3,29.588163064676724,Rural,3,3,2,7,-1.0391461303604195,62,300450.8432776001
2338.218656137641,5,31.27686294516429,Suburban,2,4,2,1,0.6817831818346294,21,341536.83369888464
1663.4636868820812,5,0.5265752585918584,Urban,1,2,6,9,0.33704869084474515,67,233008.78914833427
1390.449735595568,4,29.784578056665502,Rural,1,5,7,5,0.16222461337815983,47,289038.3108335643
1914.7027905917446,3,11.894713701783736,Urban,2,2,6,9,2.008669008239167,65,375283.06135606003
394.43234549605745,3,28.56975536982786,Suburban,5,1,2,2,1.175224455567833,15,149487.36561753947
1617.807279054283,5,19.315535073335845,Urban,4,3,4,8,0.8018192902010522,79,292982.2063380687
1885.4325969434835,10,20.287755640809987,Suburban,1,3,3,7,-1.4952660600014247,52,404336.461760156
760.7068771100792,2,18.149023505787813,Urban,1,5,4,4,0.05953993623099409,85,249271.16313737544
2071.8770216034645,5,32.12129204233486,Rural,1,1,5,3,0.29869666232126635,64,363610.9229224671
1669.248203747207,3,7.604119874749717,Suburban,5,4,7,4,-0.415227229260821,78,293190.0451928543
1292.3560430495993,4,26.078403387350086,Rural,4,2,9,4,1.7063797807824088,63,359011.27648121177
1816.3909330531424,6,31.013301648895503,Suburban,2,4,2,10,0.05120391057396452,87,343518.54505067505
2635.3464289021977,3,27.163400805404105,Urban,2,1,8,10,-1.2283487652379041,67,358720.2127592318
1590.9331275292475,4,43.246989143234174,Urban,4,5,3,8,-0.9973773707490861,62,204074.69086467262
1624.110293150168,4,14.710532372753011,Suburban,3,1,9,4,2.2823423382265653,61,321801.7045181314
1270.319550229878,5,29.573048225935313,Suburban,5,5,10,5,-0.4201229772718935,81,367180.01324737066
1075.0778152676041,8,18.939093646585796,Suburban,1,4,4,2,-2.078528943200621,80,412317.74979786715
1915.1679082721228,5,32.33406076352669,Urban,3,4,3,4,-0.5993444805665006,70,352461.4546035471
1071.9580870455663,6,19.923110042786305,Suburban,1,1,10,7,-1.8266194934838311,44,328670.6984149304
1535.7831186096962,3,16.121242181375305,Suburban,1,1,6,3,0.9173107984708001,51,326794.73425868177
1261.1712766174417,4,33.06072203871629,Rural,1,3,10,1,-1.954852079131145,73,391462.00986045215
1739.4899128731959,5,15.084380609810701,Suburban,5,5,9,8,-1.4022050903368122,64,359857.16396235966
1666.831052643474,6,5.872742410994437,Rural,5,3,7,8,0.003988560511122636,1,422155.24593330605
2018.7699721289496,7,14.831531168261716,Rural,1,2,4,6,1.1093801670164412,48,398517.4184093596
1244.9918005726265,5,26.190329465885327,Rural,2,2,3,7,-0.0694340684793298,21,342204.52527587715
1365.0625323533143,2,33.920387515870914,Urban,1,1,10,10,-1.257645437799047,95,283319.93774198217
1010.6181421088463,6,21.11129375296512,Rural,1,4,4,2,0.18256299069534276,28,418549.3450682065
1277.8533699619443,4,33.181970672340256,Suburban,4,2,3,5,-0.467797463976134,34,404007.38212249486
1688.6502465224262,2,6.418250785224064,Urban,2,2,3,7,1.1327021732161113,80,491724.0437247318
1878.4943083226758,4,15.567365351820971,Urban,1,3,9,9,0.8547880014130469,75,323387.852482407
1038.9173379111874,2,17.11424882845899,Urban,2,3,4,1,-0.5371594624806632,23,348033.1430972778
1934.80296005283,3,18.854405725274802,Urban,1,2,9,3,0.779772810403127,93,338220.040231518
2177.8189294024755,4,20.840943882501964,Urban,1,1,10,6,0.271225614199156,29,410233.0835662936
1706.7174516118505,7,26.909109573921928,Urban,2,3,5,7,1.3668094667202824,83,373037.9244329697
2438.397906279033,5,15.551931618295097,Urban,2,2,7,6,0.7371813066985751,41,385668.64133941056
1113.1054004482135,5,21.390286869531256,Rural,1,4,5,1,0.5469957248776356,70,322833.9934774395
877.6726483442915,7,19.548771096759484,Suburban,2,3,1,4,1.327959478670963,49,428873.2693250511
610.6398755478607,9,10.7411009610885,Suburban,1,2,2,6,0.015404681557600861,70,313025.2813948892
2248.0221557445916,7,18.863333109185646,Rural,3,5,5,8,-0.7731004559390707,59,283408.9418250547
1827.1828281770288,6,18.56340470102882,Rural,4,3,6,10,0.20083973869410499,29,345988.1829145666
1472.2076645447726,6,18.34919434996954,Urban,4,5,7,4,-0.35541430412854735,11,300497.7352734434
1639.98431315991,9,20.317594565814506,Urban,2,3,2,7,0.6041965491497002,48,315693.26309711335
937.2554763508117,2,20.75673540613386,Rural,4,3,10,3,0.06194403497818751,94,361573.4188788475
2722.875989808413,3,15.677048208926697,Urban,4,5,9,8,0.40293687242053067,81,465012.3875850137
1564.6105909876137,9,32.727147339712644,Suburban,2,1,6,1,-1.2041147328955137,45,303351.0014596761
1554.6973973024465,3,8.305193707969833,Suburban,2,2,2,4,0.5082865353556245,42,341895.4396963665
1862.883311949346,8,12.790298915301037,Urban,1,1,2,8,-1.2852227868542092,1,345445.92417359696
1740.5046158683567,5,47.79963624223556,Urban,4,1,3,10,0.9617601815353501,96,415130.8060709392
1611.9420121395656,4,9.620086450107701,Urban,3,2,1,4,0.9632543765890385,74,417016.9567946682
1104.762772277344,9,6.462453252902414,Suburban,2,4,9,2,0.34795413260678965,97,382622.7220434771
1735.7341785679978,2,27.344767450012178,Urban,3,1,10,2,0.31008690835253166,79,307839.0758090184
2441.012248237517,5,0.0,Rural,3,1,4,4,-0.2236560706129202,53,336587.6458770099
2172.7100230774886,10,17.64726090027561,Urban,2,1,5,4,-0.6032286716303763,34,452512.1045045136
2296.5933133196986,5,41.45824925076489,Rural,5,4,7,2,-0.014979205429377819,51,469317.25349502254
1244.3921617844073,4,4.550640778465995,Urban,1,3,1,7,1.98268492160917,32,269840.48754402855
1005.1975898707096,7,0.18035514261286778,Urban,2,5,3,6,0.22931891678802221,84,462153.86360707413
1437.1065399501758,3,5.008187980423017,Suburban,2,5,3,3,-1.3457491040495697,83,361546.53135741386
1527.8624561443473,6,28.983595683469858,Rural,2,4,2,8,-1.70835896623914,71,355818.2485740739
2047.0957592354744,3,31.247767199858124,Rural,3,1,8,8,-1.438074351490207,50,305212.7235464358
653.7676851425903,3,14.874112030214912,Rural,2,5,5,1,-0.37759658026846044,25,229076.33969446336
2264.7751597303068,4,26.83212404001069,Suburban,3,4,1,3,1.265799084366345,96,273216.48996085674
1420.9960507105052,1,33.9025532751199,Rural,1,2,2,5,-1.0234837863686934,61,388688.367881992
1286.55946502629,2,37.873464144298254,Suburban,1,5,1,2,1.4217464845954924,60,322317.6825180845
993.9478123699163,4,17.536647188201517,Urban,1,2,6,5,0.17944839173657468,25,355199.86381601513
672.5716640671153,5,0.0,Urban,5,1,9,10,0.48344366827831825,36,390284.4308104933
1911.5852919809572,8,11.791210775903133,Rural,2,5,7,3,0.4560395883836946,29,378998.07642252813
1536.658983594202,7,15.731958050647425,Urban,5,4,5,9,0.5906652967043781,94,445574.3199623701
855.019550129473,7,17.410612034216093,Urban,2,3,3,1,-0.4113654880221563,96,284069.66239013924
852.460613968192,2,18.121405989912805,Rural,1,5,8,4,-2.334415589215141,10,303620.98844070185
1332.107650354936,6,31.188945979306695,Urban,1,5,10,10,-0.5883570224656404,52,290275.3490446581
2334.5107626446966,8,32.744284266875816,Rural,1,5,4,6,-0.8878791855361773,40,425756.5667030583
1370.2043243181977,6,18.283263460752167,Rural,2,5,9,9,0.3105624837042775,4,405904.95629916625
748.428523440947,4,30.984848760518187,Urban,2,4,5,3,0.219238917490338,65,283790.45471428474
1377.1284679570279,4,23.576613666310895,Urban,5,4,6,3,-0.27237962308522584,12,275622.4421541302
1363.6382151261648,4,20.645059728625718,Urban,1,3,5,5,1.755524980070087,62,409067.41773976875
300.0,1,29.06544157109964,Urban,1,4,10,7,-0.6407286126266447,81,241897.1020374449
1472.8525667410938,6,20.722520482379156,Urban,2,4,7,5,-2.22573333738889,89,332780.06019247393
1384.532734895661,8,40.57811177097762,Suburban,2,1,7,8,0.11945667340578713,24,274985.69418794103
1848.103182406709,7,5.615888332054409,Urban,2,1,1,5,1.1891949720939472,43,401162.19886112254
2424.4780474726726,7,14.848291009079823,Suburban,1,2,2,7,0.2871608776027747,13,367877.50748932443
2063.2825147738786,6,18.7348110304605,Rural,3,3,7,6,-0.3566384941390436,68,419499.68258510047
1365.5556547225847,6,24.394526904579905,Urban,3,1,8,10,0.24044750514001126,58,315895.26784542255
946.7370456291649,4,32.67960487103089,Urban,3,3,4,2,1.8389065643095044,55,341549.477310811
2786.67990162493,3,19.756014327638432,Urban,1,3,6,3,-0.8751280279606837,51,373343.7346558437
1529.609217007244,6,5.777703504937929,Rural,3,5,10,4,0.0308731842042529,65,432015.9012171984
1506.964645956473,3,28.425138964550044,Suburban,1,3,3,5,0.6699427761606213,67,321927.96324337606
1487.9374564449984,10,27.549587661419643,Suburban,2,5,7,9,0.2538871906655972,11,351350.6953484519
1599.0423803839274,5,0.5814134062059395,Urban,2,2,3,6,-0.24786705924526514,74,319975.68667128624
1427.8197940380287,6,19.961958663292005,Urban,1,2,7,1,-0.42632586644180925,67,350625.0254055902
1213.1689965598819,6,4.098581693197021,Urban,5,2,8,3,-0.28519447469178416,42,299020.4942693899
1226.570529379804,4,13.353489024979375,Urban,1,5,3,7,0.5320323254226663,72,345780.2915951706
1483.6233648920008,6,10.971910730372002,Rural,2,5,2,8,0.47377236185884813,73,315132.61243776383
1228.2876144331176,5,28.092646982419858,Urban,1,2,6,7,2.094718583848544,90,325554.1277662822
1143.5771086614177,3,21.168301741721837,Rural,4,5,4,5,-1.536789513986315,5,359306.60475621064
1553.2151138459485,2,7.144089992439724,Urban,2,4,8,10,1.7579066898546003,14,301899.7453596598
1372.5113912895724,3,28.800659629573424,Suburban,1,4,2,8,-0.20447632942450086,41,337648.4824360874
2251.9964942913443,2,5.661941760715855,Suburban,1,5,4,9,-0.09058702138811366,30,427353.3624390272
300.0,8,23.301137904709435,Urban,1,5,2,7,0.8587331351593346,85,311902.4479777429
2045.7534259612307,7,11.859893307084443,Urban,3,1,2,9,0.8524084101599746,52,486346.89851617767
2123.0425962488143,4,16.3432291746948,Rural,1,1,2,1,1.1566180339150132,5,352583.4786559581
463.3048837959252,3,25.04270748038384,Urban,1,3,1,9,1.374777288920952,32,297982.1113058877
1328.6562029598256,3,25.21449399059529,Urban,3,3,4,3,-0.039830995283980514,28,428604.405702592
1314.2795670021042,6,33.3696907355596,Urban,3,3,2,6,1.3876308807840454,20,263681.476796405
796.2441526410894,5,19.177463003285467,Suburban,2,2,9,8,-0.6291561861216988,53,205757.419167132
1111.0916562045622,1,23.06450862963341,Rural,1,4,9,3,-0.3052969757219085,55,359268.657275384
944.7120772670856,8,15.622626775956753,Suburban,1,2,7,4,-0.18201506898283903,93,383774.1551676144
2376.1352217118115,9,21.819898826227977,Rural,2,5,6,7,-0.5266296128965336,20,291485.72325000644
1967.8391965737305,4,24.394860480085118,Suburban,1,1,3,7,0.05985632434587526,99,358007.0574611969
2135.7775474970795,7,19.01690152545624,Urban,1,5,7,4,0.8964247219074125,54,336875.1443962038
1860.8360320216175,3,1.9624951590750364,Suburban,1,5,1,9,0.6513459774516481,57,406563.0703720989
935.4741143913853,7,23.314708963308952,Suburban,1,1,9,3,-0.613184333208273,63,321766.61707067216
1237.7398668601131,5,23.64561477355457,Rural,2,5,4,8,-0.695520715106446,85,403688.68522426137
1744.687280613959,6,13.198265236520491,Rural,1,3,6,8,-0.8553469957392672,45,306793.3300108422
888.9360955540274,8,7.156129639274857,Suburban,1,1,6,4,0.08879182231780254,83,356592.3473108146
1856.499215086194,2,34.75879150503965,Rural,5,5,3,7,-1.5808434575424193,21,389146.7820120135
1379.8373009209324,4,24.91445510894402,Rural,3,3,4,4,-0.8906003988521356,59,346594.541654455
1312.5895962252011,9,17.709189690782903,Rural,1,3,10,1,-0.45882107267510414,10,247575.5891782425
1855.4799841017457,4,8.629671168525126,Rural,1,4,3,1,1.0553709578623531,46,404921.3206020727
1722.1316557430198,4,11.78185171578654,Rural,2,3,6,1,-0.13217027117084984,30,337791.9562516524
1319.51691709046,3,33.02590396786232,Suburban,1,2,1,2,1.0058589844658574,76,245786.11682023853
2079.664901682124,4,21.37661940868046,Rural,1,1,8,6,0.187574793190974,17,401066.762113901
959.4683362000513,4,14.494129329992933,Urban,1,1,8,10,-0.474299165819574,21,371839.37122341624
1807.967803472132,6,25.09689231224656,Suburban,2,1,9,5,-0.4331418994366356,55,334531.5141001191
1796.550628984192,7,11.856018125536762,Suburban,2,5,6,2,-1.166058118578336,16,419663.59563513595
1345.226780343005,3,35.00843030280379,Suburban,3,5,1,8,2.403181925697177,37,374446.96811797505
1663.066511121059,6,33.528005348967255,Rural,2,2,3,9,1.1105125515124403,24,348752.60323379765
874.4432118073486,8,15.334259287972234,Urban,2,3,1,7,0.6037255754575325,31,358204.8355545283
1962.0135096034505,7,13.713297529691395,Rural,2,5,5,9,-1.3033096836080165,14,433205.36636971944
1407.5489317785054,3,0.0,Suburban,1,3,3,4,-0.4516260887061294,12,396629.77028240735
1238.6384897404803,4,5.18419228448632,Suburban,2,3,2,7,-0.9753336776902222,57,242398.49092594808
2024.5046129184448,6,6.605302250422438,Suburban,1,5,3,5,0.1275682330539122,89,268602.50467864866
1147.8281547286203,8,21.35190340987386,Suburban,1,5,9,5,-0.9273072539306401,49,389342.62929334596
795.7693518182201,3,16.737662955586405,Rural,4,2,8,3,-0.670290580449449,10,288629.9241227513
721.6854132380481,4,6.546645125847586,Urban,2,4,3,9,-0.9011549513389546,12,304739.72289426543
1803.00497567282,3,17.188359575354426,Urban,3,1,2,10,-0.2397533247641409,96,467461.5887546211
859.7853237518584,8,25.053371476473487,Suburban,4,5,5,5,0.07142498043680509,49,281251.9004960931
2377.3970909921823,1,25.27839349915587,Urban,4,5,1,6,-0.21326194401298093,37,386668.2465188964
459.035296058139,3,1.003297191411189,Suburban,1,3,4,3,1.532906465411626,0,322571.8895008153
2348.228184145019,7,18.71736519516169,Suburban,3,4,8,10,0.8111069044531379,38,388046.2159583607
1605.5087336013091,5,6.1665922302838965,Urban,1,5,1,7,-0.7830327985989051,26,441312.9156208719
1451.6434440648038,9,29.01728697140274,Suburban,3,4,5,9,0.32560568144342206,35,324834.7240703427
1227.540456595525,5,27.841464163534987,Urban,1,1,4,9,-0.7006611020632972,31,369503.0908827533
1699.5680571760354,4,11.019727736755415,Suburban,2,3,6,10,-0.395123928280688,40,377471.7044644146
1481.1826487875758,5,12.339547975996002,Urban,3,2,7,10,0.4791972032760403,14,410066.2016085922
2051.650941008261,7,15.387329495016928,Suburban,1,1,9,5,0.6656499905839105,30,318597.75394117215
1557.1138243310197,3,0.0,Urban,4,4,1,7,-0.5874320142889945,5,265177.5582784223
1575.1508807309388,6,23.359681734405765,Suburban,2,4,10,3,-1.1048695867855087,88,356885.31164245476
1318.193893893072,7,17.271554536598693,Suburban,1,1,4,6,0.08770349772433118,51,306265.62430801993
1471.5271881394663,4,29.70175082567859,Suburban,1,4,6,8,0.43462240858194356,81,417118.60431248456
1653.9008844460295,4,9.015907820374473,Urban,1,2,10,8,-0.6382888306167251,21,369525.8570427636
644.9158036716872,4,13.808770517500683,Rural,1,2,7,2,0.8165545175655982,30,329425.7361733246
825.9072889471435,3,4.934747419608847,Suburban,4,4,7,6,0.6392930032654406,99,320992.36879915954
1871.6320470113574,4,9.957094365057468,Suburban,2,4,8,7,-0.6528710359036057,72,351057.4780177373
1585.432719063971,2,8.180180039317811,Urban,2,2,10,7,1.1301621858591637,45,373966.7928844712
1408.0083318236605,7,29.959736788464458,Suburban,1,4,8,3,1.160727284317493,66,391176.9518347384
1509.2169665326967,6,13.017381512486077,Suburban,1,5,8,9,2.067668105623625,96,346814.1235075677
1673.7908526808355,7,21.241756847446133,Suburban,4,3,8,2,1.711759717983775,90,343306.5038160819
1230.1201598453192,5,16.192365961381956,Suburban,4,5,8,3,-0.9026132225242168,42,385554.4842788503
1110.8476372988437,4,7.3053473398718705,Rural,1,4,6,2,0.924982520865801,0,264003.86712135153
1597.9226275488409,5,18.316995768283572,Rural,4,4,9,9,0.8796292965893135,43,421002.75226015603
1010.8136111924839,4,25.991033318635946,Suburban,1,3,3,4,-0.3484831994228694,56,284231.9583563957
1704.1263778572359,7,7.922406074566478,Suburban,2,4,6,2,0.45492472806603235,8,424511.97009387636
648.7081978810799,5,28.091127907313787,Suburban,1,3,5,3,-1.877623650223818,4,319036.55051731993
2014.5778186628218,6,11.502790785223038,Rural,2,2,8,4,-1.9053856678929664,78,285029.05940132996
1736.2987412065215,5,15.170160739271592,Rural,1,3,4,10,-1.7146419404673492,8,372238.41055660386
1628.0148671569377,2,25.306831230100478,Urban,3,3,4,6,0.3892569214267273,44,421807.99108210404
1991.345491972757,4,13.36563842780512,Urban,3,5,10,5,0.4365091319200617,91,371024.0284361493
2332.7372222312883,4,20.375748593358654,Suburban,1,4,10,3,-0.27388411317441996,76,385673.3246256564
2007.1850325090652,6,16.853091712119074,Suburban,2,2,5,10,1.7211691287592639,23,345135.6518370475
579.5628843341774,10,21.293680067038185,Rural,1,1,6,8,0.987075402909285,73,367460.0223232481
860.2115166321493,6,0.0,Suburban,2,3,4,8,-1.5983131847898309,41,319864.72851512494
1187.5907111521606,8,1.703181847919172,Suburban,1,1,2,7,-0.17197420588542284,21,447252.854509604
1513.0455251054168,5,26.159670060468383,Rural,3,4,2,3,-0.9396853161813035,59,407259.35854407377
1758.8295102345614,3,30.371814056490503,Rural,2,3,3,1,0.4139958687215099,85,424166.8447105745
1137.1280934232673,5,10.895132964684787,Rural,1,1,2,5,-0.030578924765371687,36,349969.94114275166
1593.383382238539,1,17.559716478288657,Rural,2,5,1,1,-0.8829783739064431,38,337793.14266710007
1122.3085338233386,8,22.947192529023017,Urban,3,1,8,6,1.6944725305279356,83,357089.4877746177
1194.241098504026,6,26.932176016587043,Rural,3,5,5,7,0.05739690795874399,73,410379.4604529763
796.6694515758888,4,0.0,Rural,1,2,10,5,-0.4160395394702413,73,428495.50316221634
1038.3833769445478,7,11.139597530216228,Suburban,1,4,1,4,-0.2531399494603059,89,247919.72575961813
824.1576971918332,1,16.67420620150125,Suburban,4,1,9,2,1.6186680462086267,88,459773.54819388443
1012.0633735113336,7,27.03140197236049,Suburban,3,3,8,5,0.9112746398340557,52,336178.89648976154
2026.8208983039199,3,44.98430483721495,Urban,1,4,4,9,-0.16235110816511772,27,395313.30117235717
1025.3005555840284,9,17.719942731902822,Rural,1,1,8,4,-0.992089680099622,76,288780.93039614684
2816.1910324186956,4,5.930225378960113,Rural,4,3,10,2,-0.8361951381595797,14,386670.5009966132
1746.6589504404446,2,24.02268077201298,Urban,1,3,7,6,-0.48214261100469924,59,291369.30942747276
1592.418061847437,4,33.2099578954071,Rural,3,3,7,8,0.5071657592155541,59,431593.55434323574
1070.8211099093933,6,21.08014120979501,Suburban,1,3,1,2,0.7565319009867107,5,298057.24755160767
1850.1549397044957,2,10.933514548457072,Urban,2,1,6,9,-0.7255411589750427,51,376979.57300060475
1212.181086881113,1,29.57993941480019,Rural,4,2,4,7,0.8007601833715027,11,315960.9379480285
1561.0049073226808,7,26.63545618498435,Urban,1,5,10,2,-0.9086158879680972,18,300373.4048641116
2780.0422691343974,7,9.739191558043757,Urban,4,5,10,5,-0.61177365396552,95,419315.18155588186
1451.9700501376751,6,23.81425617534342,Rural,2,5,10,5,-1.4495235207054613,74,353179.2468492572
2074.6366631428377,8,29.972655676588726,Suburban,3,2,2,7,-1.4793077461833894,96,436198.07332186005
1148.4117874370563,7,31.818900425588936,Rural,4,3,10,5,-0.9194273607965344,1,272646.7221315389
1482.5057547515191,5,19.33551024690544,Rural,5,3,7,6,-0.025731755889352552,54,325614.73558243306
2385.400317817755,6,16.41920553820681,Suburban,1,4,9,9,-0.9939813806107903,14,430356.1800251033
1186.5164711061163,6,32.27273822081263,Rural,2,5,5,3,1.4980843617057056,63,329322.6325678644
2406.2242789984643,7,7.8983949701911484,Rural,3,5,8,3,-0.9324969863289585,99,415603.4054239208
1853.8759677277376,6,24.385792909210053,Rural,1,3,5,8,0.18394640250141972,68,319754.34401970304
1218.766612052866,3,6.299733726355708,Urban,1,5,7,10,1.3202429672526672,14,393561.6965339308
1816.2038695277604,3,30.653762722596028,Urban,2,3,7,6,0.09251260427375449,42,430837.6285317156
1986.277224813365,1,17.419544843888385,Urban,1,3,9,10,-0.3639158241690215,73,447952.64437653427
1810.9049811085983,5,32.68583235647469,Rural,2,3,3,3,0.1470085865535555,16,348178.6822837431
714.8876400547717,3,24.91412756355527,Suburban,4,1,1,2,-0.5617346640606443,97,181682.42840535293
1136.4314120875656,9,7.767797699380701,Urban,3,1,2,2,-1.0008091940426938,23,360740.31463747006
1376.2406822242476,8,34.246277320772435,Suburban,2,1,6,2,0.6127062860344694,73,339581.27176934644
1462.7832854499768,4,35.51245266427729,Rural,4,1,10,5,-0.5831114770864428,29,286720.7812597677
1810.336048775339,2,28.822864925992157,Urban,3,2,10,5,0.9367532635304259,66,320611.0744497814
1588.850500466627,3,12.384121349637802,Rural,1,4,9,1,0.7962627995269133,50,317280.5412526636
832.3278206449494,2,16.93986045642591,Suburban,2,4,3,2,0.16631650937512346,59,338402.742065047
1690.0989255029817,4,21.454272174057593,Urban,5,3,10,2,0.9708858890881581,2,321930.3930630627
1805.2928726419116,4,12.962896006685668,Urban,1,5,2,4,-0.5440592180188311,4,385556.1205862669
1779.89522396552,5,36.92346572463205,Urban,2,1,1,7,0.7837769056550118,27,470898.3520260832
2040.3903627773109,8,21.44326471726037,Urban,2,4,2,3,0.77857289727785,77,371284.257566447
1916.961077274452,6,0.0,Suburban,2,4,3,5,-0.301421489244918,10,337846.37445408304
1729.5900396142183,3,23.393558127562205,Urban,1,1,7,9,-0.4297193890991661,71,290418.7206126481
1464.9171442706765,5,16.51842603182687,Rural,2,2,2,5,0.3290285458274665,71,373230.8730501297
669.5195332420043,6,19.25073443881552,Urban,1,2,5,9,1.968244455161773,75,414369.9180608224
1714.809109566293,3,16.313806342143003,Suburban,1,4,2,1,-0.2322354613235033,14,324346.64978075295
1603.8438435815556,8,28.070464166066873,Urban,1,2,7,9,-0.45077237329337355,82,244373.42115372646
1635.7894185976868,8,31.19687778553381,Suburban,2,1,10,5,1.1783948015767771,47,435965.8887695327
861.6257120898453,5,22.830531622586538,Suburban,5,4,8,8,0.06813255569934913,45,446063.47492324305
959.4717297958688,4,16.606888128618408,Rural,3,1,8,5,0.8660210649846025,27,369202.9853750556
2026.5764266664519,2,19.586627951908298,Urban,4,2,8,6,1.4746311275151218,6,403269.90986332635
1480.2224230716724,6,20.195996165776283,Urban,1,1,10,8,-1.9070238860698252,70,357151.400945581
1840.7503486863122,5,11.975699601351632,Urban,2,2,9,2,-0.03757959144892407,93,414112.85624109535
1514.1591880652306,6,25.78928648571235,Rural,3,2,1,3,-0.22980370331577363,81,381658.9295234599
1514.8780697478726,7,24.600423238604662,Rural,2,1,1,9,-0.9623307674450841,87,365292.82073106896
1969.141902987999,3,35.404412397766734,Suburban,3,2,10,5,-1.9186340908607376,5,315437.22164285096
1241.9776358913132,9,32.55349780288475,Suburban,5,3,2,5,-1.5914981540273423,57,343430.1290134181
1548.0603884704917,2,13.143250824098697,Suburban,3,1,6,9,0.10436878186941813,67,359339.1058259572
1268.8623556474788,1,28.202983745089647,Rural,1,3,1,10,-0.5340360293188317,54,295137.6717243676
1282.7518862838422,6,10.490466169055283,Rural,2,1,5,3,-0.8018335869197718,66,367415.1271067868
1345.4139382656804,4,26.959321009408498,Rural,1,2,5,4,0.09442737971475966,48,316001.5087675112
1611.0668858168565,6,14.833858012398922,Suburban,2,2,4,7,-0.6921470503760725,50,369106.24747681885
1260.6256891682613,4,9.767467766244156,Rural,1,4,5,2,1.290180638778603,58,376088.2302164732
2127.8780627867604,5,22.800453426974045,Suburban,2,4,1,8,-0.6208842391872638,5,413501.1305355173
1052.696348890248,2,0.0,Suburban,1,3,6,5,1.505321519972564,89,329556.91121444176
1406.5641779193204,5,2.4902442559477187,Urban,3,2,7,1,-0.030015732047902168,50,390357.55754776817
1280.1344708629126,4,18.22508116225717,Urban,3,4,8,3,-0.6518995938750431,37,379940.67772572185
2223.4889421768667,3,20.824417666348424,Urban,3,2,2,9,-0.7245647575411844,10,439044.28210863855
1598.2773882557874,5,16.306812298418112,Suburban,1,1,7,5,1.513794255131043,51,378850.09873981983
2015.9222697343175,3,4.205637012824013,Urban,1,4,6,8,0.6958333799556499,92,426857.91062615
757.219813481514,3,11.821081578614944,Urban,1,3,9,1,-0.7594181829134177,19,304969.90394030954
1633.5251329346295,4,23.912093272373937,Urban,1,4,8,7,0.11907656822460898,9,486610.15092642326
1944.8153978117184,8,25.817817706283627,Rural,4,2,4,7,-2.3586788086803407,25,368217.3673622976
1541.141994637712,5,19.837768824040587,Suburban,1,5,9,8,-1.3316043186119952,47,413278.5703913601
2032.7401875326755,4,31.56833781036989,Urban,2,5,1,3,-0.7502886691740386,90,345730.70757322933
1241.3557749498138,4,23.973970234592343,Rural,1,2,6,1,-0.774817263600515,13,356831.5121730237
2204.67372009279,4,12.525443460417877,Rural,2,1,8,9,1.2130147200800059,99,414579.4563387349
2649.449061809625,4,17.194979465883826,Rural,1,4,4,1,-1.9141866727408046,58,441668.16785477626
1318.5807197801705,7,5.971338427921452,Urban,4,5,2,6,-1.4278065290843733,11,317557.5546535082
1277.248739299614,8,18.918610096085832,Rural,2,1,2,9,0.45239448329036974,22,364415.94926423155
2226.6922385588505,7,31.121006192213386,Suburban,1,2,10,2,0.23027231325506942,84,356069.87268986425
2289.7860728653563,3,26.85290084710968,Rural,2,1,1,4,-0.3497708355813571,71,428609.27755478
1238.569986423366,6,34.02009325919122,Rural,3,2,5,2,2.052488928796899,38,283996.96007905685
1289.9065914520713,6,16.971147562010067,Rural,2,4,6,4,0.6174070918679953,8,362819.17109972093
1359.1076955697463,4,33.46099794514258,Rural,2,1,4,2,1.2228247056561032,87,333079.0023683078
827.7747444828615,6,18.0669577355203,Suburban,2,4,4,1,-0.05080011843311441,94,416067.0720826059
1040.674026757901,9,34.715850825698936,Urban,1,1,5,3,-0.5435821435468099,24,373207.2172539507
997.929616623966,6,19.78143252557876,Suburban,1,2,5,8,-0.5321293773977546,16,398739.91516649217
1116.1012174479358,4,27.072313738042766,Suburban,1,2,9,5,0.9276649113725367,41,290154.9916339233
1482.6575563066094,6,34.75112364309855,Urban,3,1,8,4,0.772748337704709,28,320213.6042056239
1617.1073662682604,7,18.065723714187943,Rural,4,2,9,5,-0.21860813248412103,59,362586.22892929096
2275.2502464070385,4,22.183889875441743,Urban,2,3,3,6,0.4715840546290202,66,448806.5600142212
1000.8229796306046,3,32.88863425206302,Urban,2,3,3,6,0.9626180540172147,84,335956.3294298662
1992.1611992382918,4,18.669968360699364,Suburban,2,4,1,5,-0.5639294797822884,56,343479.21287440276
1393.0055778872456,5,6.791077174938389,Urban,1,3,10,6,-0.34339547472429444,71,327513.8109494715
1475.2681451737835,3,41.4300705458491,Rural,1,3,6,9,0.4466405016553858,13,391956.9138698366
1837.4097460833018,5,15.302355356628631,Suburban,1,5,4,5,-1.7886602576326742,38,396985.13463250187
938.6389892188507,3,21.58756050937543,Rural,1,5,8,6,0.4655921753951986,15,327967.45669930644
1691.2048730920253,5,31.56006669451127,Suburban,1,5,2,4,-1.125049059547313,17,351480.81641713367
1583.226104106528,5,13.915060962687981,Rural,2,5,2,3,0.9416533909405052,94,410016.02727702627
1746.2256320040747,5,9.921320867778698,Urban,3,2,7,6,2.1477848272405127,74,324671.2004787085
1644.584321953909,6,22.537372967748333,Urban,5,4,5,5,-0.6971683148162352,19,362284.89669814
2727.650069955447,6,2.0692360208761045,Urban,3,4,1,4,-1.349643734862504,45,439894.32876906916
1181.130007874342,6,17.120939231320797,Rural,2,3,7,5,-0.1799086308015253,44,279640.05372488004
1234.5015224990912,5,22.450386643154058,Suburban,2,4,7,7,-0.2652597831197709,3,328904.6190324073
1188.429736787618,7,17.300481031748358,Suburban,1,3,10,1,0.6607238244589877,83,456447.2263033613
1222.2614404198725,3,4.565490568142529,Suburban,1,4,6,1,0.23406131089431337,94,314797.1945950557
1181.306436346741,5,35.941779562040125,Urban,2,1,4,1,-0.2963302826486849,19,329425.5402420876
2094.508265553776,7,21.035381539491755,Rural,1,1,8,2,0.09061360172477564,10,279833.6039817169
2210.2521239949274,2,34.31152117761741,Suburban,1,4,2,9,-1.1221524151085256,64,369255.4595547159
1214.6268531252617,8,17.399637498195553,Rural,1,2,2,5,0.8292150433882666,17,289612.97801733343
1083.8222134478856,4,11.199880183092361,Suburban,1,3,2,9,1.6179611429548872,38,325400.1906585957
1735.707778193202,2,22.6918092025516,Urban,3,4,3,5,-1.197597137779373,43,385401.91871411883
1223.8884778595143,5,17.842128736717804,Rural,1,3,6,7,-1.5792529774324968,96,287063.9991872561
1816.4659088777553,5,8.22238542008642,Suburban,1,5,1,6,-0.40208842674785095,99,394652.6411309074
1601.4615104256497,4,34.69784258787496,Suburban,4,4,2,2,-1.2214704771233247,17,306386.55148225796
742.127942501384,6,13.77729777106004,Suburban,3,2,10,3,-1.2762176831011511,46,256556.4313336086
2273.752600665031,8,1.5973361520443135,Suburban,2,5,2,5,-1.4020184956478765,30,461225.49628598255
2397.9388365477607,4,33.28166053957332,Urban,5,4,1,4,-0.19360239600739912,98,338544.8656137242
1193.6056547578069,3,14.957019841873768,Suburban,2,1,3,6,-0.41142246965604795,38,323531.332606959
1306.1492200320079,6,13.921761073843758,Suburban,1,4,10,8,0.3732569241351695,37,322848.8197506379
1642.9326953624525,4,2.346124129700261,Urban,4,1,7,8,-0.5630141949126682,78,390644.7138711349
1667.2283949935124,2,37.40941486596991,Suburban,4,1,1,3,-1.2166430955406744,46,347567.1204245278
1829.2721363364153,3,7.105194127903125,Rural,4,4,7,4,-0.01688297991511885,69,376096.8187313353
2505.1022693831746,1,20.584494807056497,Rural,3,4,5,1,-1.058556042344289,7,369233.8009069475
1411.5263862529753,9,29.126203225404403,Suburban,1,1,9,2,0.5121711192871908,85,328184.98284469167
1100.851377730773,5,24.21716933003097,Urban,3,3,2,9,-1.6662228008386173,64,345517.4818656993
810.3403859927364,3,19.403456880078085,Urban,1,5,1,10,-2.164885808912056,12,327008.2071395803
1134.5349800290405,4,2.983341417125839,Urban,1,2,9,10,-1.6097727003353888,54,409831.86171851883
1483.4365135631015,3,11.90275164232716,Suburban,4,4,8,2,-0.4183194199414598,87,400419.6070317224
2397.278931758894,4,21.87800338042522,Suburban,5,5,10,6,-0.2871298562298711,84,453309.19592577446
1241.1943504819142,6,12.128259300130036,Rural,2,5,6,7,0.13694178346810365,42,417601.8838370634
1611.8939758194492,4,22.033594599987676,Urban,1,3,5,6,-0.5647023539979451,3,367915.3829475893
1491.788551963624,2,26.817434088151415,Suburban,1,5,8,8,-0.8465079577702125,70,390453.0644690568
2094.196636724042,6,29.625028858001016,Suburban,1,4,8,9,1.4332745706268781,59,391869.39690288744
2763.4662129368107,3,7.738206421873166,Suburban,3,5,5,8,1.1688854185670607,11,496773.2350027078
1234.5656135398397,6,41.966460549789545,Urban,1,4,7,5,0.9862024308615258,58,232018.98215791365
1255.280278740889,2,27.674793445541304,Urban,2,4,1,8,0.30889629326929696,76,319311.15599140344
2022.080438534536,8,19.98285846330936,Rural,1,1,4,10,0.38850632385943296,53,401624.85337919934
1840.9457448131557,3,30.895365830766405,Urban,2,3,2,10,-0.8051978857221099,43,389649.9630392756
2423.3536628680167,6,43.654077719999734,Suburban,1,2,10,9,0.14435828822543298,15,376631.672432845
1791.964092662982,4,5.612798989431305,Rural,5,1,3,8,-0.9398672200214812,5,300860.3904453552
1320.3539546064703,5,17.747373575086463,Urban,2,2,1,2,-1.0532733006201687,13,339392.44364192215
1795.3274153461546,6,0.0,Urban,2,4,2,2,-1.6174897792415734,57,430576.60752013314
2054.3517902914537,1,21.926515326480246,Urban,5,1,1,3,0.40607158196005083,30,365008.51227694866
1910.2410905986821,5,23.653942419251408,Urban,1,5,8,7,0.16367176222971988,99,376483.19299136725
1753.6370155536488,7,19.608378845572407,Suburban,3,5,4,9,-0.3028848778801811,40,463900.9357007967
2033.337344794577,6,13.4546642900169,Urban,1,2,3,8,-0.4338065870878184,34,378868.33562646713
2084.6477952228365,6,0.0,Suburban,1,4,1,9,-1.8301064887175909,9,396363.28721719165
2191.0794955187635,7,23.735336834117685,Suburban,2,2,2,6,0.25639955924383856,80,395527.2818493745
1824.3549437948213,4,34.55434483915325,Suburban,1,3,3,1,-0.3155400628963584,29,368540.34553027654
1416.4409598415727,3,14.08981544266568,Rural,2,5,3,4,0.8959972104136343,43,363463.1330663475
1573.3568432166614,8,24.40059929023145,Suburban,1,1,6,6,0.14621135589758608,54,373927.28195750364
2103.2544832541785,4,4.3185568657994935,Urban,1,1,10,6,0.7057838852040312,70,341340.8950477096
1091.5321645063818,5,24.572130636925138,Rural,1,1,8,8,-0.007240398594146747,17,323944.2368910202
1684.3366544364505,5,16.06617702255343,Urban,4,5,6,1,0.18167787215559464,82,306731.7492334512
1303.3305938363196,3,12.375820493970856,Suburban,2,4,2,2,0.9311262776878393,78,355589.06350275443
1514.3724114674087,9,12.396363587838694,Urban,1,5,2,2,-0.19238926433841047,85,393551.04970166733
2139.2259313036493,8,16.063884179669902,Rural,1,5,7,6,0.471854888201497,38,383962.5708803619
1595.5495340099517,6,23.824333156925356,Rural,5,1,1,7,-0.44352441480040034,41,308611.21129085793
1523.2182740780745,3,6.878367988044822,Urban,1,5,1,2,-0.13110690962450014,53,347736.61892947764
820.0719295100404,5,16.028846684321472,Urban,3,1,7,5,1.593523998609482,29,415025.20527218276
1873.1267830136103,5,19.585282220008523,Urban,2,4,9,6,0.6405066819570927,19,446555.90629134
1822.7420905705376,5,9.009607754681408,Rural,1,3,5,4,-0.5414589086036469,95,355016.701601221
2581.62736165273,3,37.966652016750174,Suburban,1,1,1,1,0.42291916022725257,41,363755.3109590956
1346.1108825234996,7,11.465045199386584,Urban,4,2,5,3,-1.2799812736257956,88,350401.4422589993
1609.5751638319696,3,13.305630863665096,Suburban,1,3,1,10,-0.22119221461923189,86,429157.0479519617
1624.6918418553776,1,10.216920501775022,Rural,1,4,10,9,-0.9534243008225031,4,283469.7413320436
2288.7266398817374,6,37.984800871381175,Urban,2,3,9,6,0.45190619763333684,49,348692.9247674176
1452.352233806524,6,25.529052285994815,Urban,2,1,4,2,-0.18893157166819427,40,367654.517065723
1639.5107628851697,4,10.634079937563579,Rural,1,4,9,9,0.28347847557650846,93,386135.43905531825
1803.9482548582696,5,31.062315588599688,Urban,2,2,2,4,0.7741795185432268,38,337752.6324605291
1593.3045615781791,9,22.006986942888783,Suburban,1,1,7,8,-0.46021425907704966,56,345043.66567348444
1276.783192724736,5,22.572534211115016,Rural,3,1,2,10,-0.4244843165341625,90,357814.67811437394
1597.0449964491538,4,16.555227912475473,Rural,1,4,4,7,-0.03703718059913433,56,342777.20689448796
2036.815874929886,3,12.505840130430267,Urban,2,4,6,3,-0.8604962743954631,36,336162.7538437485
986.7423502944699,6,23.377660990546012,Rural,5,3,2,8,-0.011212988182289848,6,316689.25772575085
1566.484837073438,2,14.549127700044096,Urban,3,2,2,4,0.041562792633555036,4,373242.9497443131
1149.9395925304134,6,38.16755629575105,Urban,1,3,2,2,0.22894021516454757,78,213107.17438273606
2097.5233144624212,6,7.307088947568959,Rural,2,3,3,5,0.4195504419139125,50,417180.2355693099
738.4065476081126,6,35.36156772854945,Urban,4,1,5,1,-1.603116255930204,7,350267.54310144647
1220.5390763642058,5,18.886811512021993,Suburban,1,4,9,8,-1.2851214985646227,55,324277.34035282437
1688.6059375322604,3,22.990857340211058,Suburban,3,1,6,8,-1.1671842538476616,72,344483.65898015606
2282.7620146171703,4,28.331577666294347,Urban,2,2,9,3,0.09260800122649453,10,348885.6605374784
1467.124869463506,4,13.697507049955638,Suburban,3,3,10,1,-0.28437585908066076,21,352039.5229626637
1222.4002366534007,5,28.642483846986366,Urban,2,2,5,4,-2.267724568135045,97,304568.9349135634
2440.578534720295,4,0.0,Suburban,3,4,6,9,1.9470448084720289,98,494409.20533918863
775.993049791878,4,12.800104667780609,Rural,1,4,10,9,-1.9889690677458423,76,332229.8699411098
400.5970216899591,5,10.759371926589345,Urban,3,5,8,1,0.03042368004247671,10,201894.9005543645
1720.0072250266662,5,7.464939876282383,Urban,1,2,3,7,0.5633730417648825,59,407062.1531483912
1248.9728878236945,5,17.85045161921049,Urban,5,1,2,6,-0.7197869743492218,95,430555.18390882923
989.3835914346434,7,23.857499681816947,Urban,1,2,3,7,0.639959690661533,14,351065.0824039658
1854.1782236496767,3,27.02659998499306,Urban,5,3,9,7,-1.0081774793848166,37,425183.1396772543
1621.9003568855994,2,22.408767572004077,Urban,3,4,6,8,0.17110140193267767,0,392545.31140866835
1217.9606846316358,4,13.343065351064531,Rural,2,4,10,8,-2.180546822491492,45,397104.1620726321
859.8478006645528,4,23.690164378251673,Rural,3,2,4,10,1.173229091293498,87,366416.8870951425
1936.2286641400724,6,21.242856948508507,Suburban,1,2,10,2,0.000875586240620727,42,423256.1795377851
1825.1005889793305,3,29.36056167936016,Urban,3,2,3,4,-1.5947124045428194,21,377728.27235193807
1450.4120681103086,5,27.769367029315166,Suburban,1,3,2,4,0.6287543145278464,2,258999.59474773236
2423.318498023833,5,20.304764139206288,Suburban,2,3,4,10,1.6321522438452944,13,346396.67297245224
964.9576168369238,5,11.027469938387432,Rural,2,1,9,8,-0.926410464593819,1,283672.58474560577
737.2374145376306,5,13.470498441679192,Suburban,1,2,4,3,-0.21021194189649736,60,197111.56106279814
1154.0459650593777,3,14.502106403619667,Rural,2,1,5,3,-0.5148238963607281,31,321461.957274653
1477.206991822251,10,16.847336660837442,Suburban,2,5,8,2,-0.7702169147313244,37,427786.67508974567
1621.669724661346,5,22.680504275897533,Urban,2,3,2,1,-0.8755621004332629,96,286584.1768483225
1379.381971071835,4,27.151743901280582,Suburban,5,4,3,8,-0.6464582095203093,45,378221.1131275744
1676.0276982571484,4,19.488813069846223,Rural,1,5,6,9,-0.5923804604873747,41,390767.7699266585
874.2302879047779,7,20.161247879004723,Rural,1,4,7,9,-0.3564634138030431,5,335048.7043850976
2221.88230203663,3,21.433063050000037,Rural,4,5,4,8,-0.4290766509704263,40,448790.07917256234
1458.9244108037155,6,14.8409468686766,Suburban,4,1,1,5,0.7611710130736653,24,356039.568525623
2058.647915794064,2,10.746077423570439,Suburban,3,1,7,1,0.6718763164925986,97,468262.5466541368
1671.362673188852,4,2.4456210268929013,Rural,4,3,9,9,-1.5335006108119764,10,371147.9520597301
1728.376609576892,4,13.048506419231277,Urban,2,4,1,6,-0.5935903593905646,40,390538.51912444533
1784.883640116102,4,24.73145453267787,Urban,1,5,1,7,1.2505572465103996,70,357432.6256369503
1723.8542800086575,8,12.970885619604324,Suburban,1,2,1,8,0.29402495961091474,56,327031.9368098027
1821.361379933772,5,17.621929625740602,Suburban,3,2,10,5,0.3344707050584852,45,306116.86422244547
2164.5762650662155,8,24.66431287412317,Rural,4,3,7,6,0.23897841806376185,85,412326.5946764371
1598.260584850735,5,25.206894964226688,Suburban,2,4,9,7,-0.2616610860424581,47,422070.4720884091
1854.501878794256,7,9.204671478339609,Suburban,1,2,3,7,-0.04104779063976698,62,395728.14553276694
1455.1321528563867,8,29.970593564536415,Rural,1,3,8,2,-0.4038989108644139,38,368483.6020328587
2220.0586077247362,3,31.273500893554854,Rural,1,3,9,1,0.8557352519761905,9,302013.3449173649
1161.8038489703652,4,8.701501427814403,Suburban,1,4,3,8,-0.3947782567536824,84,368651.58186338283
2400.470216455408,6,11.761631303588459,Urban,2,2,3,5,-0.1129564652291107,69,304282.5962001175
1479.9210246778282,4,31.910906831461915,Suburban,1,2,1,10,0.7353374532525071,64,282306.1179040318
784.6124489409759,4,18.531464787446993,Urban,1,2,2,2,-0.32779200392716895,97,387408.798381531
1564.0522074553946,6,0.0,Urban,1,1,7,3,-0.07072004890021252,58,378885.1124362729
1159.4741712625596,2,6.003184952673138,Urban,2,2,3,6,-0.35819799128777635,77,357262.32349427487
1920.321774494362,4,17.506303748275187,Rural,1,5,7,10,-0.08933492345641343,35,406199.8484021036
1173.6880103488045,2,8.369573497153981,Rural,4,1,5,6,-0.3243220409101956,26,390221.33758008544
1276.9082833926102,8,15.865762293635587,Rural,2,1,10,8,-0.5358567265693974,72,334438.2783991494
555.2296345272345,7,20.32396213683579,Suburban,3,1,8,5,-0.7079529306359024,54,322083.3886806178
1273.8468403754616,2,34.62254604034729,Rural,2,1,5,5,-0.17245076202828996,69,325594.18904428085
300.0,5,17.095460837722108,Rural,3,3,3,7,1.0182382110986368,94,221305.29564929436
708.0485882571384,6,30.72541799572759,Suburban,1,5,9,10,0.6236970675579746,80,286951.68701588025
1880.2073280721488,7,34.2876016203677,Suburban,4,4,7,5,-1.5791816761710757,52,380375.1325341377
1892.900079325416,7,34.34309669352076,Urban,2,2,5,9,-0.42914949366660404,59,341052.7803749556
1712.7287808924823,7,22.84754593385568,Suburban,2,1,7,6,-0.6383385688598876,60,343993.51800214354
1016.5119284353934,6,0.367108521610259,Suburban,1,4,10,7,-1.5623231616000273,35,389568.4289620238
1476.1443219290102,5,24.608248654038654,Rural,2,3,9,8,0.27527852910081746,84,357254.9118809592
1498.1987304547158,5,30.48399887813541,Urban,1,4,5,5,-0.0960912191687334,26,362019.6952644677
920.8176554037286,8,19.18932894564583,Urban,1,1,7,4,2.0229420763065855,40,245615.38280196075
2251.6991508835754,7,37.44583870075249,Suburban,1,5,9,8,-0.33402033423760474,27,397555.1193772025
1938.6811452878358,4,28.598335614674575,Rural,3,4,1,10,-0.776175564897887,15,312913.61087835656
1389.517913085168,5,25.682733771527843,Rural,5,1,4,9,-0.8729382946572608,34,342567.1060123948
1513.4429194972654,8,30.863807112058378,Rural,2,1,1,1,-0.4515906532470789,35,291648.1728904234
1604.1914039737762,5,23.33369851260878,Rural,1,2,8,3,0.5903266244416787,55,403522.14405854425
479.1325657878547,2,0.0,Suburban,1,2,3,4,0.7048680817970705,98,415437.0241450067
1376.4113087397016,3,15.008610485296344,Rural,1,5,2,7,2.926157338518293,18,346433.1967318291
1159.0078760011006,7,31.971680272478537,Urban,2,2,4,6,-1.2065815287074781,56,318134.2347596176
999.1899950525423,3,11.92408659901704,Urban,1,5,3,10,0.08623487529719638,84,389572.89643845125
1359.4498535570226,8,17.76527494763061,Suburban,2,3,5,10,-0.684281536425708,32,378801.5693996273
2398.843263424761,1,9.551636860969289,Rural,1,3,8,1,0.35049977179139785,22,406826.3893028961
1820.421430633505,5,37.839225952017685,Rural,1,2,10,4,1.3831571691334672,62,371592.3398683917
1214.4105051086017,3,36.814924574180154,Rural,5,3,8,6,0.8621113790337348,69,425396.2739170834
1786.2913906780793,5,11.161311048592706,Rural,1,4,7,3,-1.207604507566461,95,344559.73825905623
